[
  {
    "model": "season.season",
    "pk": 1,
    "fields": {
      "year": 2021,
      "month": 1,
      "status": "RUNNING"
    }
  },
  {
    "model": "season.season",
    "pk": 2,
    "fields": {
      "year": 2021,
      "month": 2,
      "status": "DONE"
    }
  },
  {
    "model": "season.season",
    "pk": 3,
    "fields": {
      "year": 2021,
      "month": 3,
      "status": "DONE"
    }
  },
  {
    "model": "season.season",
    "pk": 4,
    "fields": {
      "year": 2021,
      "month": 4,
      "status": "DONE"
    }
  },
  {
    "model": "season.season",
    "pk": 5,
    "fields": {
      "year": 2021,
      "month": 5,
      "status": "DONE"
    }
  },
  {
    "model": "season.season",
    "pk": 6,
    "fields": {
      "year": 2021,
      "month": 6,
      "status": "DONE"
    }
  },
  {
    "model": "season.season",
    "pk": 7,
    "fields": {
      "year": 2021,
      "month": 7,
      "status": "DONE"
    }
  },
  {
    "model": "season.season",
    "pk": 8,
    "fields": {
      "year": 2021,
      "month": 8,
      "status": "DONE"
    }
  },
  {
    "model": "season.season",
    "pk": 9,
    "fields": {
      "year": 2021,
      "month": 9,
      "status": "DONE"
    }
  },
  {
    "model": "season.season",
    "pk": 10,
    "fields": {
      "year": 2021,
      "month": 10,
      "status": "DONE"
    }
  },
  {
    "model": "season.season",
    "pk": 11,
    "fields": {
      "year": 2021,
      "month": 11,
      "status": "DONE"
    }
  },
  {
    "model": "season.season",
    "pk": 12,
    "fields": {
      "year": 2021,
      "month": 12,
      "status": "DONE"
    }
  },
  {
    "model": "season.season",
    "pk": 13,
    "fields": {
      "year": 2022,
      "month": 1,
      "status": "DONE"
    }
  },
  {
    "model": "season.season",
    "pk": 14,
    "fields": {
      "year": 2022,
      "month": 2,
      "status": "DONE"
    }
  },
  {
    "model": "season.season",
    "pk": 15,
    "fields": {
      "year": 2022,
      "month": 3,
      "status": "DONE"
    }
  },
  {
    "model": "season.season",
    "pk": 16,
    "fields": {
      "year": 2022,
      "month": 4,
      "status": "DONE"
    }
  },
  {
    "model": "season.season",
    "pk": 17,
    "fields": {
      "year": 2022,
      "month": 5,
      "status": "DONE"
    }
  },
  {
    "model": "season.season",
    "pk": 18,
    "fields": {
      "year": 2022,
      "month": 6,
      "status": "DONE"
    }
  },
  {
    "model": "season.season",
    "pk": 19,
    "fields": {
      "year": 2022,
      "month": 7,
      "status": "DONE"
    }
  },
  {
    "model": "season.season",
    "pk": 20,
    "fields": {
      "year": 2022,
      "month": 8,
      "status": "DONE"
    }
  },
  {
    "model": "season.season",
    "pk": 21,
    "fields": {
      "year": 2022,
      "month": 9,
      "status": "DONE"
    }
  },
  {
    "model": "season.season",
    "pk": 22,
    "fields": {
      "year": 2022,
      "month": 10,
      "status": "DONE"
    }
  },
  {
    "model": "season.season",
    "pk": 23,
    "fields": {
      "year": 2022,
      "month": 11,
      "status": "DONE"
    }
  },
  {
    "model": "season.season",
    "pk": 24,
    "fields": {
      "year": 2022,
      "month": 12,
      "status": "Laufend"
    }
  },
  {
    "model": "season.season",
    "pk": 25,
    "fields": {
      "year": 2020,
      "month": 1,
      "status": "Nächste"
    }
  },
  {
    "model": "season.season",
    "pk": 26,
    "fields": {
      "year": 2020,
      "month": 2,
      "status": "Nächste"
    }
  },
  {
    "model": "season.season",
    "pk": 27,
    "fields": {
      "year": 2020,
      "month": 3,
      "status": "Nächste"
    }
  },
  {
    "model": "season.season",
    "pk": 28,
    "fields": {
      "year": 2020,
      "month": 4,
      "status": "Nächste"
    }
  },
  {
    "model": "season.season",
    "pk": 29,
    "fields": {
      "year": 2020,
      "month": 5,
      "status": "Nächste"
    }
  },
  {
    "model": "season.season",
    "pk": 30,
    "fields": {
      "year": 2020,
      "month": 6,
      "status": "Nächste"
    }
  },
  {
    "model": "season.season",
    "pk": 31,
    "fields": {
      "year": 2020,
      "month": 7,
      "status": "Nächste"
    }
  },
  {
    "model": "season.season",
    "pk": 32,
    "fields": {
      "year": 2020,
      "month": 8,
      "status": "Nächste"
    }
  },
  {
    "model": "season.season",
    "pk": 33,
    "fields": {
      "year": 2020,
      "month": 9,
      "status": "Nächste"
    }
  },
  {
    "model": "season.seasonparticipant",
    "pk": 1,
    "fields": {
      "season": 1,
      "profile": 1,
      "rank": 1
    }
  },
  {
    "model": "season.seasonparticipant",
    "pk": 2,
    "fields": {
      "season": 1,
      "profile": 2,
      "rank": 2
    }
  },
  {
    "model": "season.seasonparticipant",
    "pk": 3,
    "fields": {
      "season": 1,
      "profile": 3,
      "rank": 3
    }
  },
  {
    "model": "season.seasonparticipant",
    "pk": 4,
    "fields": {
      "season": 1,
      "profile": 4,
      "rank": 4
    }
  },
  {
    "model": "season.seasonparticipant",
    "pk": 5,
    "fields": {
      "season": 1,
      "profile": 5,
      "rank": 5
    }
  },
  {
    "model": "game.selectedgame",
    "pk": 1,
    "fields": {
      "player": 1,
      "game": 7,
      "league": 1
    }
  },
  {
    "model": "game.selectedgame",
    "pk": 2,
    "fields": {
      "player": 3,
      "game": 8,
      "league": 1
    }
  },
  {
    "model": "game.selectedgame",
    "pk": 3,
    "fields": {
      "player": 4,
      "game": 35,
      "league": 1
    }
  },
  {
    "model": "game.selectedgame",
    "pk": 4,
    "fields": {
      "player": 5,
      "game": 38,
      "league": 1
    }
  },
  {
    "model": "game.selectedoption",
    "pk": 1,
    "fields": {
      "selected_game": 1,
      "game_option": 25,
      "choice": null,
      "value": true
    }
  },
  {
    "model": "game.selectedoption",
    "pk": 2,
    "fields": {
      "selected_game": 1,
      "game_option": 26,
      "choice": null,
      "value": false
    }
  },
  {
    "model": "game.selectedoption",
    "pk": 3,
    "fields": {
      "selected_game": 1,
      "game_option": 27,
      "choice": null,
      "value": true
    }
  },
  {
    "model": "game.selectedoption",
    "pk": 4,
    "fields": {
      "selected_game": 1,
      "game_option": 28,
      "choice": null,
      "value": false
    }
  },
  {
    "model": "game.selectedoption",
    "pk": 5,
    "fields": {
      "selected_game": 1,
      "game_option": 29,
      "choice": null,
      "value": false
    }
  },
  {
    "model": "game.selectedoption",
    "pk": 6,
    "fields": {
      "selected_game": 2,
      "game_option": 30,
      "choice": null,
      "value": true
    }
  },
  {
    "model": "game.selectedoption",
    "pk": 7,
    "fields": {
      "selected_game": 2,
      "game_option": 31,
      "choice": null,
      "value": false
    }
  },
  {
    "model": "game.selectedoption",
    "pk": 8,
    "fields": {
      "selected_game": 3,
      "game_option": 95,
      "choice": null,
      "value": false
    }
  },
  {
    "model": "game.selectedoption",
    "pk": 9,
    "fields": {
      "selected_game": 3,
      "game_option": 96,
      "choice": null,
      "value": true
    }
  },
  {
    "model": "game.selectedoption",
    "pk": 10,
    "fields": {
      "selected_game": 3,
      "game_option": 97,
      "choice": null,
      "value": false
    }
  },
  {
    "model": "game.selectedoption",
    "pk": 11,
    "fields": {
      "selected_game": 3,
      "game_option": 98,
      "choice": null,
      "value": true
    }
  },
  {
    "model": "game.selectedoption",
    "pk": 12,
    "fields": {
      "selected_game": 3,
      "game_option": 99,
      "choice": null,
      "value": false
    }
  },
  {
    "model": "game.selectedoption",
    "pk": 13,
    "fields": {
      "selected_game": 3,
      "game_option": 100,
      "choice": null,
      "value": false
    }
  },
  {
    "model": "game.selectedoption",
    "pk": 14,
    "fields": {
      "selected_game": 3,
      "game_option": 101,
      "choice": null,
      "value": false
    }
  },
  {
    "model": "game.selectedoption",
    "pk": 15,
    "fields": {
      "selected_game": 3,
      "game_option": 102,
      "choice": 120,
      "value": null
    }
  },
  {
    "model": "game.selectedoption",
    "pk": 16,
    "fields": {
      "selected_game": 3,
      "game_option": 103,
      "choice": null,
      "value": true
    }
  },
  {
    "model": "game.selectedoption",
    "pk": 17,
    "fields": {
      "selected_game": 3,
      "game_option": 104,
      "choice": 132,
      "value": null
    }
  },
  {
    "model": "game.selectedoption",
    "pk": 18,
    "fields": {
      "selected_game": 3,
      "game_option": 105,
      "choice": null,
      "value": true
    }
  },
  {
    "model": "game.selectedoption",
    "pk": 19,
    "fields": {
      "selected_game": 3,
      "game_option": 106,
      "choice": 138,
      "value": null
    }
  },
  {
    "model": "game.selectedoption",
    "pk": 20,
    "fields": {
      "selected_game": 4,
      "game_option": 110,
      "choice": 145,
      "value": null
    }
  },
  {
    "model": "game.bandecision",
    "pk": 1,
    "fields": {
      "league": 1,
      "player": 5,
      "game": 1,
      "created_at": "2025-06-20T18:45:06.797Z"
    }
  },
  {
    "model": "game.bandecision",
    "pk": 2,
    "fields": {
      "league": 1,
      "player": 4,
      "game": null,
      "created_at": "2025-06-20T18:45:22.439Z"
    }
  },
  {
    "model": "game.bandecision",
    "pk": 3,
    "fields": {
      "league": 1,
      "player": 3,
      "game": 1,
      "created_at": "2025-06-20T18:45:36.682Z"
    }
  },
  {
    "model": "game.bandecision",
    "pk": 4,
    "fields": {
      "league": 1,
      "player": 1,
      "game": null,
      "created_at": "2025-06-20T18:46:03.090Z"
    }
  }
]