[
  {
    "model": "season.season",
    "pk": 1,
    "fields": {
      "year": 2021,
      "month": 1,
      "status": "RUNNING"
    }
  },
  {
    "model": "season.season",
    "pk": 2,
    "fields": {
      "year": 2021,
      "month": 2,
      "status": "DONE"
    }
  },
  {
    "model": "season.season",
    "pk": 3,
    "fields": {
      "year": 2021,
      "month": 3,
      "status": "DONE"
    }
  },
  {
    "model": "season.season",
    "pk": 4,
    "fields": {
      "year": 2021,
      "month": 4,
      "status": "DONE"
    }
  },
  {
    "model": "season.season",
    "pk": 5,
    "fields": {
      "year": 2021,
      "month": 5,
      "status": "DONE"
    }
  },
  {
    "model": "season.season",
    "pk": 6,
    "fields": {
      "year": 2021,
      "month": 6,
      "status": "DONE"
    }
  },
  {
    "model": "season.season",
    "pk": 7,
    "fields": {
      "year": 2021,
      "month": 7,
      "status": "DONE"
    }
  },
  {
    "model": "season.season",
    "pk": 8,
    "fields": {
      "year": 2021,
      "month": 8,
      "status": "DONE"
    }
  },
  {
    "model": "season.season",
    "pk": 9,
    "fields": {
      "year": 2021,
      "month": 9,
      "status": "DONE"
    }
  },
  {
    "model": "season.season",
    "pk": 10,
    "fields": {
      "year": 2021,
      "month": 10,
      "status": "DONE"
    }
  },
  {
    "model": "season.season",
    "pk": 11,
    "fields": {
      "year": 2021,
      "month": 11,
      "status": "DONE"
    }
  },
  {
    "model": "season.season",
    "pk": 12,
    "fields": {
      "year": 2021,
      "month": 12,
      "status": "DONE"
    }
  },
  {
    "model": "season.season",
    "pk": 13,
    "fields": {
      "year": 2022,
      "month": 1,
      "status": "DONE"
    }
  },
  {
    "model": "season.season",
    "pk": 14,
    "fields": {
      "year": 2022,
      "month": 2,
      "status": "DONE"
    }
  },
  {
    "model": "season.season",
    "pk": 15,
    "fields": {
      "year": 2022,
      "month": 3,
      "status": "DONE"
    }
  },
  {
    "model": "season.season",
    "pk": 16,
    "fields": {
      "year": 2022,
      "month": 4,
      "status": "DONE"
    }
  },
  {
    "model": "season.season",
    "pk": 17,
    "fields": {
      "year": 2022,
      "month": 5,
      "status": "DONE"
    }
  },
  {
    "model": "season.season",
    "pk": 18,
    "fields": {
      "year": 2022,
      "month": 6,
      "status": "DONE"
    }
  },
  {
    "model": "season.season",
    "pk": 19,
    "fields": {
      "year": 2022,
      "month": 7,
      "status": "DONE"
    }
  },
  {
    "model": "season.season",
    "pk": 20,
    "fields": {
      "year": 2022,
      "month": 8,
      "status": "DONE"
    }
  },
  {
    "model": "season.season",
    "pk": 21,
    "fields": {
      "year": 2022,
      "month": 9,
      "status": "DONE"
    }
  },
  {
    "model": "season.season",
    "pk": 22,
    "fields": {
      "year": 2022,
      "month": 10,
      "status": "DONE"
    }
  },
  {
    "model": "season.season",
    "pk": 23,
    "fields": {
      "year": 2022,
      "month": 11,
      "status": "DONE"
    }
  },
  {
    "model": "season.season",
    "pk": 24,
    "fields": {
      "year": 2022,
      "month": 12,
      "status": "Laufend"
    }
  },
  {
    "model": "season.season",
    "pk": 25,
    "fields": {
      "year": 2020,
      "month": 1,
      "status": "Nächste"
    }
  },
  {
    "model": "season.season",
    "pk": 26,
    "fields": {
      "year": 2020,
      "month": 2,
      "status": "Nächste"
    }
  },
  {
    "model": "season.season",
    "pk": 27,
    "fields": {
      "year": 2020,
      "month": 3,
      "status": "Nächste"
    }
  },
  {
    "model": "season.season",
    "pk": 28,
    "fields": {
      "year": 2020,
      "month": 4,
      "status": "Nächste"
    }
  },
  {
    "model": "season.season",
    "pk": 29,
    "fields": {
      "year": 2020,
      "month": 5,
      "status": "Nächste"
    }
  },
  {
    "model": "season.season",
    "pk": 30,
    "fields": {
      "year": 2020,
      "month": 6,
      "status": "Nächste"
    }
  },
  {
    "model": "season.season",
    "pk": 31,
    "fields": {
      "year": 2020,
      "month": 7,
      "status": "Nächste"
    }
  },
  {
    "model": "season.season",
    "pk": 32,
    "fields": {
      "year": 2020,
      "month": 8,
      "status": "Nächste"
    }
  },
  {
    "model": "season.season",
    "pk": 33,
    "fields": {
      "year": 2020,
      "month": 9,
      "status": "Nächste"
    }
  },
  {
    "model": "season.seasonparticipant",
    "pk": 1,
    "fields": {
      "season": 1,
      "profile": 1,
      "rank": 1
    }
  },
  {
    "model": "season.seasonparticipant",
    "pk": 2,
    "fields": {
      "season": 1,
      "profile": 2,
      "rank": 2
    }
  },
  {
    "model": "season.seasonparticipant",
    "pk": 3,
    "fields": {
      "season": 1,
      "profile": 3,
      "rank": 3
    }
  },
  {
    "model": "season.seasonparticipant",
    "pk": 4,
    "fields": {
      "season": 1,
      "profile": 4,
      "rank": 4
    }
  },
  {
    "model": "season.seasonparticipant",
    "pk": 5,
    "fields": {
      "season": 1,
      "profile": 5,
      "rank": 5
    }
  },
  {
    "model": "league.league",
    "pk": 1,
    "fields": {
      "season": 1,
      "level": 1,
      "active_player": 5,
      "status": "BANNING",
      "members": [
        1,
        3,
        4,
        5
      ]
    }
  },
  {
    "model": "user.user",
    "pk": 1,
    "fields": {
      "password": "pbkdf2_sha256$1000000$Exts3UBPIRMYXTl6Ej1hGU$eV7oFkSuAEndxerc3yjbB+xUYsX+8ju7Yy5sItM/9h4=",
      "last_login": "2025-04-06T10:24:35.520Z",
      "is_superuser": true,
      "email": "asdf@sdfas.de",
      "is_staff": true,
      "is_active": true,
      "date_joined": "2024-06-09T14:10:58Z",
      "username": "haligh",
      "groups": [],
      "user_permissions": []
    }
  },
  {
    "model": "user.user",
    "pk": 2,
    "fields": {
      "password": "pbkdf2_sha256$870000$K8Nd81r7PEmjiUetwSoceA$3Rt3dHPka/akje5Oz0QhYouBGp+DybH6IeQCfLtjCug=",
      "last_login": null,
      "is_superuser": true,
      "email": "",
      "is_staff": true,
      "is_active": true,
      "date_joined": "2024-06-09T14:12:25Z",
      "username": "ginooo",
      "groups": [],
      "user_permissions": []
    }
  },
  {
    "model": "user.user",
    "pk": 3,
    "fields": {
      "password": "pbkdf2_sha256$1000000$Lz9JooGdHDQZ34iLBj43tn$y+880SBrT/Cg1gL8hXAI5KlwuEMujgch3tGRd4YFjm0=",
      "last_login": null,
      "is_superuser": false,
      "email": "",
      "is_staff": false,
      "is_active": true,
      "date_joined": "2024-10-23T11:38:17Z",
      "username": "MissM1",
      "groups": [],
      "user_permissions": []
    }
  },
  {
    "model": "user.user",
    "pk": 4,
    "fields": {
      "password": "pbkdf2_sha256$1000000$V26RaToaBu0AkGXvHnE6cz$/WAE8Mz4oBg7EFMIir1q/EQXVnNroj7t/3yc7fljIZA=",
      "last_login": null,
      "is_superuser": false,
      "email": "",
      "is_staff": false,
      "is_active": true,
      "date_joined": "2024-10-23T11:38:27Z",
      "username": "Markus1711",
      "groups": [],
      "user_permissions": []
    }
  },
  {
    "model": "user.user",
    "pk": 5,
    "fields": {
      "password": "pbkdf2_sha256$1000000$xae5JSCc3JL4iexTUBwUjJ$HRq6h8nbCBzozWcEjKPoLfraWAlQhnIqzALEz57TJ/s=",
      "last_login": null,
      "is_superuser": false,
      "email": "",
      "is_staff": false,
      "is_active": true,
      "date_joined": "2024-10-23T11:38:36Z",
      "username": "chefkoch07",
      "groups": [],
      "user_permissions": []
    }
  },
  {
    "model": "user.user",
    "pk": 7,
    "fields": {
      "password": "pbkdf2_sha256$870000$K8Nd81r7PEmjiUetwSoceA$3Rt3dHPka/akje5Oz0QhYouBGp+DybH6IeQCfLtjCug=",
      "last_login": null,
      "is_superuser": false,
      "email": "",
      "is_staff": false,
      "is_active": true,
      "date_joined": "2024-10-23T11:39:13.571Z",
      "username": "MobMob3",
      "groups": [],
      "user_permissions": []
    }
  },
  {
    "model": "user.user",
    "pk": 8,
    "fields": {
      "password": "pbkdf2_sha256$870000$K8Nd81r7PEmjiUetwSoceA$3Rt3dHPka/akje5Oz0QhYouBGp+DybH6IeQCfLtjCug=",
      "last_login": null,
      "is_superuser": false,
      "email": "",
      "is_staff": false,
      "is_active": true,
      "date_joined": "2024-10-23T11:39:18.460Z",
      "username": "isiundossi",
      "groups": [],
      "user_permissions": []
    }
  },
  {
    "model": "user.user",
    "pk": 9,
    "fields": {
      "password": "pbkdf2_sha256$870000$K8Nd81r7PEmjiUetwSoceA$3Rt3dHPka/akje5Oz0QhYouBGp+DybH6IeQCfLtjCug=",
      "last_login": null,
      "is_superuser": false,
      "email": "",
      "is_staff": false,
      "is_active": true,
      "date_joined": "2024-10-23T11:39:26.856Z",
      "username": "eumel247",
      "groups": [],
      "user_permissions": []
    }
  },
  {
    "model": "user.user",
    "pk": 10,
    "fields": {
      "password": "pbkdf2_sha256$870000$K8Nd81r7PEmjiUetwSoceA$3Rt3dHPka/akje5Oz0QhYouBGp+DybH6IeQCfLtjCug=",
      "last_login": null,
      "is_superuser": false,
      "email": "",
      "is_staff": false,
      "is_active": true,
      "date_joined": "2024-10-23T11:39:34.199Z",
      "username": "Palladium2000",
      "groups": [],
      "user_permissions": []
    }
  },
  {
    "model": "user.user",
    "pk": 11,
    "fields": {
      "password": "pbkdf2_sha256$870000$K8Nd81r7PEmjiUetwSoceA$3Rt3dHPka/akje5Oz0QhYouBGp+DybH6IeQCfLtjCug=",
      "last_login": null,
      "is_superuser": false,
      "email": "",
      "is_staff": false,
      "is_active": true,
      "date_joined": "2024-10-23T11:39:41.067Z",
      "username": "Bienchen_2000",
      "groups": [],
      "user_permissions": []
    }
  },
  {
    "model": "user.user",
    "pk": 12,
    "fields": {
      "password": "pbkdf2_sha256$870000$K8Nd81r7PEmjiUetwSoceA$3Rt3dHPka/akje5Oz0QhYouBGp+DybH6IeQCfLtjCug=",
      "last_login": null,
      "is_superuser": false,
      "email": "",
      "is_staff": false,
      "is_active": true,
      "date_joined": "2024-10-23T11:39:47.371Z",
      "username": "Zimbaland",
      "groups": [],
      "user_permissions": []
    }
  },
  {
    "model": "user.user",
    "pk": 13,
    "fields": {
      "password": "pbkdf2_sha256$870000$K8Nd81r7PEmjiUetwSoceA$3Rt3dHPka/akje5Oz0QhYouBGp+DybH6IeQCfLtjCug=",
      "last_login": null,
      "is_superuser": false,
      "email": "",
      "is_staff": false,
      "is_active": true,
      "date_joined": "2024-10-23T12:24:24.048Z",
      "username": "Bob128",
      "groups": [],
      "user_permissions": []
    }
  },
  {
    "model": "user.platform",
    "pk": 1,
    "fields": {
      "name": "BGA"
    }
  },
  {
    "model": "user.platform",
    "pk": 2,
    "fields": {
      "name": "Yucata"
    }
  },
  {
    "model": "user.platform",
    "pk": 3,
    "fields": {
      "name": "boardgamers.space"
    }
  },
  {
    "model": "user.playerprofile",
    "pk": 1,
    "fields": {
      "profile_name": "haligh_profile",
      "user": 1
    }
  },
  {
    "model": "user.playerprofile",
    "pk": 2,
    "fields": {
      "profile_name": "Ginooo_profile",
      "user": 2
    }
  },
  {
    "model": "user.playerprofile",
    "pk": 3,
    "fields": {
      "profile_name": "MissM1_profile",
      "user": 3
    }
  },
  {
    "model": "user.playerprofile",
    "pk": 4,
    "fields": {
      "profile_name": "Markus1711_profile",
      "user": 4
    }
  },
  {
    "model": "user.playerprofile",
    "pk": 5,
    "fields": {
      "profile_name": "chefkoch07_profile",
      "user": 5
    }
  },
  {
    "model": "user.playerprofile",
    "pk": 6,
    "fields": {
      "profile_name": "_profile",
      "user": null
    }
  },
  {
    "model": "user.playerprofile",
    "pk": 7,
    "fields": {
      "profile_name": "MobMob3_profile",
      "user": 7
    }
  },
  {
    "model": "user.playerprofile",
    "pk": 8,
    "fields": {
      "profile_name": "isiundossi_profile",
      "user": 8
    }
  },
  {
    "model": "user.playerprofile",
    "pk": 9,
    "fields": {
      "profile_name": "eumel247_profile",
      "user": 9
    }
  },
  {
    "model": "user.playerprofile",
    "pk": 10,
    "fields": {
      "profile_name": "Palladium2000_profile",
      "user": 10
    }
  },
  {
    "model": "user.playerprofile",
    "pk": 11,
    "fields": {
      "profile_name": "Bienchen_2000_profile",
      "user": 11
    }
  },
  {
    "model": "user.playerprofile",
    "pk": 12,
    "fields": {
      "profile_name": "Zimbaland_profile",
      "user": 12
    }
  },
  {
    "model": "user.playerprofile",
    "pk": 13,
    "fields": {
      "profile_name": "Bob128_profile",
      "user": 13
    }
  },
  {
    "model": "user.platformplayer",
    "pk": 1,
    "fields": {
      "player_profile": 1,
      "platform": 1,
      "name": "haligh_bga"
    }
  },
  {
    "model": "user.platformplayer",
    "pk": 2,
    "fields": {
      "player_profile": 12,
      "platform": 1,
      "name": "Zimbaland_profile_BGA"
    }
  },
  {
    "model": "user.platformplayer",
    "pk": 3,
    "fields": {
      "player_profile": 2,
      "platform": 1,
      "name": "Ginooo_profile_BGA"
    }
  },
  {
    "model": "user.platformplayer",
    "pk": 4,
    "fields": {
      "player_profile": 3,
      "platform": 1,
      "name": "MissM1_profile_BGA"
    }
  },
  {
    "model": "user.platformplayer",
    "pk": 5,
    "fields": {
      "player_profile": 4,
      "platform": 1,
      "name": "Markus1711_profile_BGA"
    }
  },
  {
    "model": "user.platformplayer",
    "pk": 6,
    "fields": {
      "player_profile": 5,
      "platform": 1,
      "name": "chefkoch07_profile_BGA"
    }
  },
  {
    "model": "user.platformplayer",
    "pk": 7,
    "fields": {
      "player_profile": 7,
      "platform": 1,
      "name": "MobMob3_profile_BGA"
    }
  },
  {
    "model": "user.platformplayer",
    "pk": 8,
    "fields": {
      "player_profile": 8,
      "platform": 1,
      "name": "isiundossi_profile_BGA"
    }
  },
  {
    "model": "user.platformplayer",
    "pk": 9,
    "fields": {
      "player_profile": 9,
      "platform": 1,
      "name": "eumel247_profile_BGA"
    }
  },
  {
    "model": "user.platformplayer",
    "pk": 10,
    "fields": {
      "player_profile": 10,
      "platform": 1,
      "name": "Palladium2000_profile_BGA"
    }
  },
  {
    "model": "user.platformplayer",
    "pk": 11,
    "fields": {
      "player_profile": 11,
      "platform": 1,
      "name": "Bienchen_2000_profile_BGA"
    }
  },
  {
    "model": "user.platformplayer",
    "pk": 12,
    "fields": {
      "player_profile": 13,
      "platform": 1,
      "name": "Bob128_profile_BGA"
    }
  },
  {
    "model": "game.selectedgame",
    "pk": 1,
    "fields": {
      "player": 1,
      "game": 7,
      "league": 1
    }
  },
  {
    "model": "game.selectedgame",
    "pk": 2,
    "fields": {
      "player": 3,
      "game": 8,
      "league": 1
    }
  },
  {
    "model": "game.selectedgame",
    "pk": 3,
    "fields": {
      "player": 4,
      "game": 35,
      "league": 1
    }
  },
  {
    "model": "game.selectedgame",
    "pk": 4,
    "fields": {
      "player": 5,
      "game": 38,
      "league": 1
    }
  },
  {
    "model": "game.selectedoption",
    "pk": 1,
    "fields": {
      "selected_game": 1,
      "game_option": 25,
      "choice": null,
      "value": true
    }
  },
  {
    "model": "game.selectedoption",
    "pk": 2,
    "fields": {
      "selected_game": 1,
      "game_option": 26,
      "choice": null,
      "value": false
    }
  },
  {
    "model": "game.selectedoption",
    "pk": 3,
    "fields": {
      "selected_game": 1,
      "game_option": 27,
      "choice": null,
      "value": true
    }
  },
  {
    "model": "game.selectedoption",
    "pk": 4,
    "fields": {
      "selected_game": 1,
      "game_option": 28,
      "choice": null,
      "value": false
    }
  },
  {
    "model": "game.selectedoption",
    "pk": 5,
    "fields": {
      "selected_game": 1,
      "game_option": 29,
      "choice": null,
      "value": false
    }
  },
  {
    "model": "game.selectedoption",
    "pk": 6,
    "fields": {
      "selected_game": 2,
      "game_option": 30,
      "choice": null,
      "value": true
    }
  },
  {
    "model": "game.selectedoption",
    "pk": 7,
    "fields": {
      "selected_game": 2,
      "game_option": 31,
      "choice": null,
      "value": false
    }
  },
  {
    "model": "game.selectedoption",
    "pk": 8,
    "fields": {
      "selected_game": 3,
      "game_option": 95,
      "choice": null,
      "value": false
    }
  },
  {
    "model": "game.selectedoption",
    "pk": 9,
    "fields": {
      "selected_game": 3,
      "game_option": 96,
      "choice": null,
      "value": true
    }
  },
  {
    "model": "game.selectedoption",
    "pk": 10,
    "fields": {
      "selected_game": 3,
      "game_option": 97,
      "choice": null,
      "value": false
    }
  },
  {
    "model": "game.selectedoption",
    "pk": 11,
    "fields": {
      "selected_game": 3,
      "game_option": 98,
      "choice": null,
      "value": true
    }
  },
  {
    "model": "game.selectedoption",
    "pk": 12,
    "fields": {
      "selected_game": 3,
      "game_option": 99,
      "choice": null,
      "value": false
    }
  },
  {
    "model": "game.selectedoption",
    "pk": 13,
    "fields": {
      "selected_game": 3,
      "game_option": 100,
      "choice": null,
      "value": false
    }
  },
  {
    "model": "game.selectedoption",
    "pk": 14,
    "fields": {
      "selected_game": 3,
      "game_option": 101,
      "choice": null,
      "value": false
    }
  },
  {
    "model": "game.selectedoption",
    "pk": 15,
    "fields": {
      "selected_game": 3,
      "game_option": 102,
      "choice": 120,
      "value": null
    }
  },
  {
    "model": "game.selectedoption",
    "pk": 16,
    "fields": {
      "selected_game": 3,
      "game_option": 103,
      "choice": null,
      "value": true
    }
  },
  {
    "model": "game.selectedoption",
    "pk": 17,
    "fields": {
      "selected_game": 3,
      "game_option": 104,
      "choice": 132,
      "value": null
    }
  },
  {
    "model": "game.selectedoption",
    "pk": 18,
    "fields": {
      "selected_game": 3,
      "game_option": 105,
      "choice": null,
      "value": true
    }
  },
  {
    "model": "game.selectedoption",
    "pk": 19,
    "fields": {
      "selected_game": 3,
      "game_option": 106,
      "choice": 138,
      "value": null
    }
  },
  {
    "model": "game.selectedoption",
    "pk": 20,
    "fields": {
      "selected_game": 4,
      "game_option": 110,
      "choice": 145,
      "value": null
    }
  }
]
