[
  {
    "model": "user.user",
    "pk": 1,
    "fields": {
      "password": "pbkdf2_sha256$870000$3bLxuv1fFYsopmMwqCu5v5$mQCaOcSa4sr515D761jP9bSX/oB7x0FD2D0ZTbxUmso=",
      "last_login": "2024-10-23T11:33:05.613Z",
      "is_superuser": true,
      "email": "asdf@sdfas.de",
      "is_staff": true,
      "is_active": true,
      "date_joined": "2024-06-09T14:10:58Z",
      "username": "haligh",
      "groups": [],
      "user_permissions": []
    }
  },
  {
    "model": "user.user",
    "pk": 2,
    "fields": {
      "password": "haligh",
      "last_login": null,
      "is_superuser": true,
      "email": "",
      "is_staff": true,
      "is_active": true,
      "date_joined": "2024-06-09T14:12:25Z",
      "username": "ginooo",
      "groups": [],
      "user_permissions": []
    }
  },
  {
    "model": "user.user",
    "pk": 3,
    "fields": {
      "password": "",
      "last_login": null,
      "is_superuser": false,
      "email": "",
      "is_staff": false,
      "is_active": true,
      "date_joined": "2024-10-23T11:38:17.999Z",
      "username": "MissM1",
      "groups": [],
      "user_permissions": []
    }
  },
  {
    "model": "user.user",
    "pk": 4,
    "fields": {
      "password": "",
      "last_login": null,
      "is_superuser": false,
      "email": "",
      "is_staff": false,
      "is_active": true,
      "date_joined": "2024-10-23T11:38:27.807Z",
      "username": "Markus1711",
      "groups": [],
      "user_permissions": []
    }
  },
  {
    "model": "user.user",
    "pk": 5,
    "fields": {
      "password": "",
      "last_login": null,
      "is_superuser": false,
      "email": "",
      "is_staff": false,
      "is_active": true,
      "date_joined": "2024-10-23T11:38:36.886Z",
      "username": "chefkoch07",
      "groups": [],
      "user_permissions": []
    }
  },
  {
    "model": "user.user",
    "pk": 7,
    "fields": {
      "password": "",
      "last_login": null,
      "is_superuser": false,
      "email": "",
      "is_staff": false,
      "is_active": true,
      "date_joined": "2024-10-23T11:39:13.571Z",
      "username": "MobMob3",
      "groups": [],
      "user_permissions": []
    }
  },
  {
    "model": "user.user",
    "pk": 8,
    "fields": {
      "password": "",
      "last_login": null,
      "is_superuser": false,
      "email": "",
      "is_staff": false,
      "is_active": true,
      "date_joined": "2024-10-23T11:39:18.460Z",
      "username": "isiundossi",
      "groups": [],
      "user_permissions": []
    }
  },
  {
    "model": "user.user",
    "pk": 9,
    "fields": {
      "password": "",
      "last_login": null,
      "is_superuser": false,
      "email": "",
      "is_staff": false,
      "is_active": true,
      "date_joined": "2024-10-23T11:39:26.856Z",
      "username": "eumel247",
      "groups": [],
      "user_permissions": []
    }
  },
  {
    "model": "user.user",
    "pk": 10,
    "fields": {
      "password": "",
      "last_login": null,
      "is_superuser": false,
      "email": "",
      "is_staff": false,
      "is_active": true,
      "date_joined": "2024-10-23T11:39:34.199Z",
      "username": "Palladium2000",
      "groups": [],
      "user_permissions": []
    }
  },
  {
    "model": "user.user",
    "pk": 11,
    "fields": {
      "password": "",
      "last_login": null,
      "is_superuser": false,
      "email": "",
      "is_staff": false,
      "is_active": true,
      "date_joined": "2024-10-23T11:39:41.067Z",
      "username": "Bienchen_2000",
      "groups": [],
      "user_permissions": []
    }
  },
  {
    "model": "user.user",
    "pk": 12,
    "fields": {
      "password": "",
      "last_login": null,
      "is_superuser": false,
      "email": "",
      "is_staff": false,
      "is_active": true,
      "date_joined": "2024-10-23T11:39:47.371Z",
      "username": "Zimbaland",
      "groups": [],
      "user_permissions": []
    }
  },
  {
    "model": "user.user",
    "pk": 13,
    "fields": {
      "password": "",
      "last_login": null,
      "is_superuser": false,
      "email": "",
      "is_staff": false,
      "is_active": true,
      "date_joined": "2024-10-23T12:24:24.048Z",
      "username": "Bob128",
      "groups": [],
      "user_permissions": []
    }
  },
  {
    "model": "user.platform",
    "pk": 1,
    "fields": {
      "name": "BGA"
    }
  },
  {
    "model": "user.platform",
    "pk": 2,
    "fields": {
      "name": "Yucata"
    }
  },
  {
    "model": "user.platform",
    "pk": 3,
    "fields": {
      "name": "boardgamers.space"
    }
  },
  {
    "model": "user.playerprofile",
    "pk": 1,
    "fields": {
      "profile_name": "haligh_profile",
      "user": 1
    }
  },
  {
    "model": "user.playerprofile",
    "pk": 2,
    "fields": {
      "profile_name": "Ginooo_profile",
      "user": 2
    }
  },
  {
    "model": "user.playerprofile",
    "pk": 3,
    "fields": {
      "profile_name": "MissM1_profile",
      "user": 3
    }
  },
  {
    "model": "user.playerprofile",
    "pk": 4,
    "fields": {
      "profile_name": "Markus1711_profile",
      "user": 4
    }
  },
  {
    "model": "user.playerprofile",
    "pk": 5,
    "fields": {
      "profile_name": "chefkoch07_profile",
      "user": 5
    }
  },
  {
    "model": "user.playerprofile",
    "pk": 6,
    "fields": {
      "profile_name": "_profile",
      "user": null
    }
  },
  {
    "model": "user.playerprofile",
    "pk": 7,
    "fields": {
      "profile_name": "MobMob3_profile",
      "user": 7
    }
  },
  {
    "model": "user.playerprofile",
    "pk": 8,
    "fields": {
      "profile_name": "isiundossi_profile",
      "user": 8
    }
  },
  {
    "model": "user.playerprofile",
    "pk": 9,
    "fields": {
      "profile_name": "eumel247_profile",
      "user": 9
    }
  },
  {
    "model": "user.playerprofile",
    "pk": 10,
    "fields": {
      "profile_name": "Palladium2000_profile",
      "user": 10
    }
  },
  {
    "model": "user.playerprofile",
    "pk": 11,
    "fields": {
      "profile_name": "Bienchen_2000_profile",
      "user": 11
    }
  },
  {
    "model": "user.playerprofile",
    "pk": 12,
    "fields": {
      "profile_name": "Zimbaland_profile",
      "user": 12
    }
  },
  {
    "model": "user.playerprofile",
    "pk": 13,
    "fields": {
      "profile_name": "Bob128_profile",
      "user": 13
    }
  },
  {
    "model": "user.platformplayer",
    "pk": 1,
    "fields": {
      "player_profile": 1,
      "platform": 1,
      "name": "haligh_bga"
    }
  },
  {
    "model": "user.platformplayer",
    "pk": 2,
    "fields": {
      "player_profile": 12,
      "platform": 1,
      "name": "Zimbaland_profile_BGA"
    }
  },
  {
    "model": "user.platformplayer",
    "pk": 3,
    "fields": {
      "player_profile": 2,
      "platform": 1,
      "name": "Ginooo_profile_BGA"
    }
  },
  {
    "model": "user.platformplayer",
    "pk": 4,
    "fields": {
      "player_profile": 3,
      "platform": 1,
      "name": "MissM1_profile_BGA"
    }
  },
  {
    "model": "user.platformplayer",
    "pk": 5,
    "fields": {
      "player_profile": 4,
      "platform": 1,
      "name": "Markus1711_profile_BGA"
    }
  },
  {
    "model": "user.platformplayer",
    "pk": 6,
    "fields": {
      "player_profile": 5,
      "platform": 1,
      "name": "chefkoch07_profile_BGA"
    }
  },
  {
    "model": "user.platformplayer",
    "pk": 7,
    "fields": {
      "player_profile": 7,
      "platform": 1,
      "name": "MobMob3_profile_BGA"
    }
  },
  {
    "model": "user.platformplayer",
    "pk": 8,
    "fields": {
      "player_profile": 8,
      "platform": 1,
      "name": "isiundossi_profile_BGA"
    }
  },
  {
    "model": "user.platformplayer",
    "pk": 9,
    "fields": {
      "player_profile": 9,
      "platform": 1,
      "name": "eumel247_profile_BGA"
    }
  },
  {
    "model": "user.platformplayer",
    "pk": 10,
    "fields": {
      "player_profile": 10,
      "platform": 1,
      "name": "Palladium2000_profile_BGA"
    }
  },
  {
    "model": "user.platformplayer",
    "pk": 11,
    "fields": {
      "player_profile": 11,
      "platform": 1,
      "name": "Bienchen_2000_profile_BGA"
    }
  },
  {
    "model": "user.platformplayer",
    "pk": 12,
    "fields": {
      "player_profile": 13,
      "platform": 1,
      "name": "Bob128_profile_BGA"
    }
  }
]
