[
  {
    "model": "game.game",
    "pk": 1,
    "fields": {
      "name": "Gaia Project",
      "platform": "BGA"
    }
  },
  {
    "model": "game.game",
    "pk": 2,
    "fields": {
      "name": "Clans of Caledonia",
      "platform": "BGA"
    }
  },
  {
    "model": "game.game",
    "pk": 3,
    "fields": {
      "name": "Die Burgen von Burgund",
      "platform": "BGA"
    }
  },
  {
    "model": "game.game",
    "pk": 4,
    "fields": {
      "name": "Through the Ages: A new Story of Civilization",
      "platform": "BGA"
    }
  },
  {
    "model": "game.game",
    "pk": 5,
    "fields": {
      "name": "Marco Polo II - Im Auftrag des Khan",
      "platform": "BGA"
    }
  },
  {
    "model": "game.game",
    "pk": 6,
    "fields": {
      "name": "Orakel von Delphi",
      "platform": "BGA"
    }
  },
  {
    "model": "game.game",
    "pk": 7,
    "fields": {
      "name": "Teotihuacan: Die Stadt der Götter ",
      "platform": "BGA"
    }
  },
  {
    "model": "game.game",
    "pk": 8,
    "fields": {
      "name": "Lorenzo",
      "platform": "BGA"
    }
  },
  {
    "model": "game.game",
    "pk": 9,
    "fields": {
      "name": "Rajas of the Ganges",
      "platform": "BGA"
    }
  },
  {
    "model": "game.game",
    "pk": 10,
    "fields": {
      "name": "Auf den Spuren von Marco Polo",
      "platform": "BGA"
    }
  },
  {
    "model": "game.game",
    "pk": 11,
    "fields": {
      "name": "Marco Polo II: \nIm Auftrag des Khan",
      "platform": "BGA"
    }
  },
  {
    "model": "game.game",
    "pk": 12,
    "fields": {
      "name": "Terra Mystica",
      "platform": "BGA"
    }
  },
  {
    "model": "game.game",
    "pk": 13,
    "fields": {
      "name": "Russian Railroads",
      "platform": "BGA"
    }
  },
  {
    "model": "game.game",
    "pk": 14,
    "fields": {
      "name": "Roll for the Galaxy",
      "platform": "BGA"
    }
  },
  {
    "model": "game.game",
    "pk": 15,
    "fields": {
      "name": "Can't Stop",
      "platform": "BGA"
    }
  },
  {
    "model": "game.game",
    "pk": 16,
    "fields": {
      "name": "Hive",
      "platform": "BGA"
    }
  },
  {
    "model": "game.game",
    "pk": 17,
    "fields": {
      "name": "Imhotep",
      "platform": "BGA"
    }
  },
  {
    "model": "game.game",
    "pk": 18,
    "fields": {
      "name": "Kingdomio",
      "platform": "BGA"
    }
  },
  {
    "model": "game.game",
    "pk": 19,
    "fields": {
      "name": "Res Arcana",
      "platform": "BGA"
    }
  },
  {
    "model": "game.game",
    "pk": 20,
    "fields": {
      "name": "Race for the Galaxy",
      "platform": "BGA"
    }
  },
  {
    "model": "game.game",
    "pk": 21,
    "fields": {
      "name": "Agricola",
      "platform": "BGA"
    }
  },
  {
    "model": "game.game",
    "pk": 22,
    "fields": {
      "name": "Vanuatu",
      "platform": "BGA"
    }
  },
  {
    "model": "game.game",
    "pk": 23,
    "fields": {
      "name": "City of the Big \nShoulders",
      "platform": "BGA"
    }
  },
  {
    "model": "game.game",
    "pk": 24,
    "fields": {
      "name": "Underwater Cities",
      "platform": "BGA"
    }
  },
  {
    "model": "game.game",
    "pk": 25,
    "fields": {
      "name": "City of the Big Shoulders",
      "platform": "BGA"
    }
  },
  {
    "model": "game.game",
    "pk": 26,
    "fields": {
      "name": "Kingdomino",
      "platform": "BGA"
    }
  },
  {
    "model": "game.game",
    "pk": 27,
    "fields": {
      "name": "Automobiles",
      "platform": "BGA"
    }
  },
  {
    "model": "game.game",
    "pk": 28,
    "fields": {
      "name": "Hawaii",
      "platform": "BGA"
    }
  },
  {
    "model": "game.game",
    "pk": 29,
    "fields": {
      "name": "Yokohama",
      "platform": "BGA"
    }
  },
  {
    "model": "game.game",
    "pk": 30,
    "fields": {
      "name": "Dungeon Petz",
      "platform": "BGA"
    }
  },
  {
    "model": "game.game",
    "pk": 31,
    "fields": {
      "name": "Beyond the Sun",
      "platform": "BGA"
    }
  },
  {
    "model": "game.game",
    "pk": 32,
    "fields": {
      "name": "Pandoria",
      "platform": "BGA"
    }
  },
  {
    "model": "game.game",
    "pk": 33,
    "fields": {
      "name": "Wizard",
      "platform": "BGA"
    }
  },
  {
    "model": "game.game",
    "pk": 34,
    "fields": {
      "name": "The King's Guild",
      "platform": "BGA"
    }
  },
  {
    "model": "game.game",
    "pk": 35,
    "fields": {
      "name": "Tzolk'in",
      "platform": "BGA"
    }
  },
  {
    "model": "game.game",
    "pk": 36,
    "fields": {
      "name": "Teotihuacan: Die Stadt der Götter",
      "platform": "BGA"
    }
  },
  {
    "model": "game.game",
    "pk": 37,
    "fields": {
      "name": "City of Rome",
      "platform": "BGA"
    }
  },
  {
    "model": "game.game",
    "pk": 38,
    "fields": {
      "name": "La Granja",
      "platform": "BGA"
    }
  },
  {
    "model": "game.game",
    "pk": 39,
    "fields": {
      "name": "Marco Polo II: Im Auftrag des Khan",
      "platform": "BGA"
    }
  },
  {
    "model": "game.game",
    "pk": 40,
    "fields": {
      "name": "Marco Polo 2 - Im Auftrag des Khan",
      "platform": "BGA"
    }
  },
  {
    "model": "game.game",
    "pk": 41,
    "fields": {
      "name": "Viticulture",
      "platform": "BGA"
    }
  },
  {
    "model": "game.game",
    "pk": 42,
    "fields": {
      "name": "Stone Age",
      "platform": "BGA"
    }
  },
  {
    "model": "game.game",
    "pk": 43,
    "fields": {
      "name": "Carnegie",
      "platform": "BGA"
    }
  },
  {
    "model": "game.game",
    "pk": 44,
    "fields": {
      "name": "Santorini",
      "platform": "BGA"
    }
  },
  {
    "model": "game.game",
    "pk": 45,
    "fields": {
      "name": "Nidavellir",
      "platform": "BGA"
    }
  },
  {
    "model": "game.game",
    "pk": 46,
    "fields": {
      "name": "Im Jahr des Drachen",
      "platform": "BGA"
    }
  },
  {
    "model": "game.game",
    "pk": 47,
    "fields": {
      "name": "Northwest Passage",
      "platform": "BGA"
    }
  },
  {
    "model": "game.game",
    "pk": 48,
    "fields": {
      "name": "Dice Hospital",
      "platform": "BGA"
    }
  },
  {
    "model": "game.game",
    "pk": 49,
    "fields": {
      "name": "Dungeon Lords",
      "platform": "BGA"
    }
  },
  {
    "model": "game.game",
    "pk": 50,
    "fields": {
      "name": "Grand Austria Hotel",
      "platform": "BGA"
    }
  },
  {
    "model": "game.game",
    "pk": 51,
    "fields": {
      "name": "Through the Ages: Eine neue Geschichte der Zivilisation",
      "platform": "BGA"
    }
  },
  {
    "model": "game.game",
    "pk": 52,
    "fields": {
      "name": "Dungeo Petz",
      "platform": "BGA"
    }
  },
  {
    "model": "game.game",
    "pk": 53,
    "fields": {
      "name": "New Frontiers",
      "platform": "BGA"
    }
  },
  {
    "model": "game.game",
    "pk": 54,
    "fields": {
      "name": "On the Underground",
      "platform": "BGA"
    }
  },
  {
    "model": "game.game",
    "pk": 55,
    "fields": {
      "name": "Azul",
      "platform": "BGA"
    }
  },
  {
    "model": "game.game",
    "pk": 56,
    "fields": {
      "name": "Sushi Go!",
      "platform": "BGA"
    }
  },
  {
    "model": "game.game",
    "pk": 57,
    "fields": {
      "name": "Lewis & Clark",
      "platform": "BGA"
    }
  },
  {
    "model": "game.game",
    "pk": 58,
    "fields": {
      "name": "Patchwork",
      "platform": "BGA"
    }
  },
  {
    "model": "game.game",
    "pk": 59,
    "fields": {
      "name": "Madeira",
      "platform": "BGA"
    }
  },
  {
    "model": "game.game",
    "pk": 60,
    "fields": {
      "name": "The Ruhr: A Story of Coal Trade",
      "platform": "BGA"
    }
  },
  {
    "model": "game.game",
    "pk": 61,
    "fields": {
      "name": "Ein Fest für Odin",
      "platform": "BGA"
    }
  },
  {
    "model": "game.game",
    "pk": 62,
    "fields": {
      "name": "Ultimate Railroads",
      "platform": "BGA"
    }
  },
  {
    "model": "game.game",
    "pk": 63,
    "fields": {
      "name": "7 Wonders Architects",
      "platform": "BGA"
    }
  },
  {
    "model": "game.game",
    "pk": 64,
    "fields": {
      "name": "Targi",
      "platform": "BGA"
    }
  },
  {
    "model": "game.game",
    "pk": 65,
    "fields": {
      "name": "Fäkalini",
      "platform": "BGA"
    }
  },
  {
    "model": "game.game",
    "pk": 66,
    "fields": {
      "name": "Welcome To…",
      "platform": "BGA"
    }
  },
  {
    "model": "game.gameoption",
    "pk": 1,
    "fields": {
      "name": "unlisted",
      "game": 1,
      "is_activated": false
    }
  },
  {
    "model": "game.gameoption",
    "pk": 2,
    "fields": {
      "name": "random player order",
      "game": 1,
      "is_activated": true
    }
  },
  {
    "model": "game.gameoption",
    "pk": 3,
    "fields": {
      "name": "last player rotates sectors",
      "game": 1,
      "is_activated": true
    }
  },
  {
    "model": "game.gameoption",
    "pk": 4,
    "fields": {
      "name": "auction factions at the beginning",
      "game": 1,
      "is_activated": false
    }
  },
  {
    "model": "game.gameoption",
    "pk": 5,
    "fields": {
      "name": "Map layout",
      "game": 1,
      "is_activated": null
    }
  },
  {
    "model": "game.gameoption",
    "pk": 6,
    "fields": {
      "name": "Unlisted",
      "game": 1,
      "is_activated": true
    }
  },
  {
    "model": "game.gameoption",
    "pk": 7,
    "fields": {
      "name": "Random player order",
      "game": 1,
      "is_activated": true
    }
  },
  {
    "model": "game.gameoption",
    "pk": 8,
    "fields": {
      "name": "Last player rotates sectors",
      "game": 1,
      "is_activated": true
    }
  },
  {
    "model": "game.gameoption",
    "pk": 9,
    "fields": {
      "name": "Random factions",
      "game": 1,
      "is_activated": false
    }
  },
  {
    "model": "game.gameoption",
    "pk": 10,
    "fields": {
      "name": "Auction mode",
      "game": 1,
      "is_activated": null
    }
  },
  {
    "model": "game.gameoption",
    "pk": 11,
    "fields": {
      "name": "Factions variants",
      "game": 1,
      "is_activated": null
    }
  },
  {
    "model": "game.gameoption",
    "pk": 12,
    "fields": {
      "name": "Expansions \"Frontiers\"",
      "game": 1,
      "is_activated": false
    }
  },
  {
    "model": "game.gameoption",
    "pk": 13,
    "fields": {
      "name": "Plättchen aus der Kickstarter-Kampagne verwenden",
      "game": 2,
      "is_activated": true
    }
  },
  {
    "model": "game.gameoption",
    "pk": 14,
    "fields": {
      "name": "Ohne Clan",
      "game": 2,
      "is_activated": false
    }
  },
  {
    "model": "game.gameoption",
    "pk": 15,
    "fields": {
      "name": "Statische Importgüter (jeweils 4 SP)",
      "game": 2,
      "is_activated": false
    }
  },
  {
    "model": "game.gameoption",
    "pk": 16,
    "fields": {
      "name": "Ohne Hafenplättchen",
      "game": 2,
      "is_activated": false
    }
  },
  {
    "model": "game.gameoption",
    "pk": 17,
    "fields": {
      "name": "Ohne Wertungsplättchen",
      "game": 2,
      "is_activated": false
    }
  },
  {
    "model": "game.gameoption",
    "pk": 18,
    "fields": {
      "name": "Clan-Auktion (Empfohlen nur für erfahrene Clan-Chiefs!)",
      "game": 2,
      "is_activated": false
    }
  },
  {
    "model": "game.gameoption",
    "pk": 19,
    "fields": {
      "name": "Statische Importgüter",
      "game": 2,
      "is_activated": false
    }
  },
  {
    "model": "game.gameoption",
    "pk": 20,
    "fields": {
      "name": "Clan-Auktion",
      "game": 2,
      "is_activated": false
    }
  },
  {
    "model": "game.gameoption",
    "pk": 21,
    "fields": {
      "name": "Spielvariante",
      "game": 3,
      "is_activated": null
    }
  },
  {
    "model": "game.gameoption",
    "pk": 22,
    "fields": {
      "name": "Spielaufbau (Spieler-Tableaus)",
      "game": 3,
      "is_activated": null
    }
  },
  {
    "model": "game.gameoption",
    "pk": 23,
    "fields": {
      "name": "Ausgabe",
      "game": 3,
      "is_activated": null
    }
  },
  {
    "model": "game.gameoption",
    "pk": 24,
    "fields": {
      "name": "Nur bestätigte Züge sehen",
      "game": 3,
      "is_activated": true
    }
  },
  {
    "model": "game.gameoption",
    "pk": 25,
    "fields": {
      "name": "Spielaufbau (Spieler-Tableau)",
      "game": 3,
      "is_activated": null
    }
  },
  {
    "model": "game.gameoption",
    "pk": 26,
    "fields": {
      "name": "Spielversion",
      "game": 4,
      "is_activated": null
    }
  },
  {
    "model": "game.gameoption",
    "pk": 27,
    "fields": {
      "name": "Friedliche Variante",
      "game": 4,
      "is_activated": false
    }
  },
  {
    "model": "game.gameoption",
    "pk": 28,
    "fields": {
      "name": "Variante schwarze Würfel",
      "game": 5,
      "is_activated": false
    }
  },
  {
    "model": "game.gameoption",
    "pk": 29,
    "fields": {
      "name": "Die Karawanen-Erweiterung",
      "game": 5,
      "is_activated": true
    }
  },
  {
    "model": "game.gameoption",
    "pk": 30,
    "fields": {
      "name": "Alle Charaktere aufnehmen",
      "game": 5,
      "is_activated": false
    }
  },
  {
    "model": "game.gameoption",
    "pk": 31,
    "fields": {
      "name": "Karte",
      "game": 6,
      "is_activated": null
    }
  },
  {
    "model": "game.gameoption",
    "pk": 32,
    "fields": {
      "name": "Schiffsplättchen Verteilung",
      "game": 6,
      "is_activated": null
    }
  },
  {
    "model": "game.gameoption",
    "pk": 33,
    "fields": {
      "name": "Spieldauer",
      "game": 6,
      "is_activated": null
    }
  },
  {
    "model": "game.gameoption",
    "pk": 34,
    "fields": {
      "name": "Weierspielen",
      "game": 6,
      "is_activated": true
    }
  },
  {
    "model": "game.gameoption",
    "pk": 35,
    "fields": {
      "name": "Weiterspielen",
      "game": 6,
      "is_activated": true
    }
  },
  {
    "model": "game.gameoption",
    "pk": 36,
    "fields": {
      "name": "Aufbau erstes Spiel",
      "game": 7,
      "is_activated": false
    }
  },
  {
    "model": "game.gameoption",
    "pk": 37,
    "fields": {
      "name": "Eklipse Option",
      "game": 7,
      "is_activated": null
    }
  },
  {
    "model": "game.gameoption",
    "pk": 38,
    "fields": {
      "name": "Startplättchen",
      "game": 7,
      "is_activated": null
    }
  },
  {
    "model": "game.gameoption",
    "pk": 39,
    "fields": {
      "name": "Pyramidenaufbau",
      "game": 7,
      "is_activated": null
    }
  },
  {
    "model": "game.gameoption",
    "pk": 40,
    "fields": {
      "name": "Option \"Erweiterte Regeln\"",
      "game": 8,
      "is_activated": true
    }
  },
  {
    "model": "game.gameoption",
    "pk": 41,
    "fields": {
      "name": "Variante \"gemischte Runde\"",
      "game": 9,
      "is_activated": false
    }
  },
  {
    "model": "game.gameoption",
    "pk": 42,
    "fields": {
      "name": "Variante \"Navaratnas-Variante\"",
      "game": 9,
      "is_activated": false
    }
  },
  {
    "model": "game.gameoption",
    "pk": 43,
    "fields": {
      "name": "Variante \"Ganga Modul\"",
      "game": 9,
      "is_activated": false
    }
  },
  {
    "model": "game.gameoption",
    "pk": 44,
    "fields": {
      "name": "Variante \"Mango-Dorf\"",
      "game": 9,
      "is_activated": false
    }
  },
  {
    "model": "game.gameoption",
    "pk": 45,
    "fields": {
      "name": "Option \"Einsteigerspiel\"",
      "game": 10,
      "is_activated": false
    }
  },
  {
    "model": "game.gameoption",
    "pk": 46,
    "fields": {
      "name": "Expertenvariante",
      "game": 10,
      "is_activated": true
    }
  },
  {
    "model": "game.gameoption",
    "pk": 47,
    "fields": {
      "name": "Variante schwarzer Würfel",
      "game": 11,
      "is_activated": false
    }
  },
  {
    "model": "game.gameoption",
    "pk": 48,
    "fields": {
      "name": "Spielbrett",
      "game": 12,
      "is_activated": null
    }
  },
  {
    "model": "game.gameoption",
    "pk": 49,
    "fields": {
      "name": "Völkertableau",
      "game": 12,
      "is_activated": null
    }
  },
  {
    "model": "game.gameoption",
    "pk": 50,
    "fields": {
      "name": "Zugreihenfolge",
      "game": 12,
      "is_activated": null
    }
  },
  {
    "model": "game.gameoption",
    "pk": 51,
    "fields": {
      "name": "Mini-Erweiterung",
      "game": 12,
      "is_activated": true
    }
  },
  {
    "model": "game.gameoption",
    "pk": 52,
    "fields": {
      "name": "Landschaften Erweiterung",
      "game": 12,
      "is_activated": true
    }
  },
  {
    "model": "game.gameoption",
    "pk": 53,
    "fields": {
      "name": "Mini-erweiterung",
      "game": 12,
      "is_activated": true
    }
  },
  {
    "model": "game.gameoption",
    "pk": 54,
    "fields": {
      "name": "Lanschaften-Erweiterung",
      "game": 12,
      "is_activated": false
    }
  },
  {
    "model": "game.gameoption",
    "pk": 55,
    "fields": {
      "name": "Feuer und Eis - Endwertungskärtchen",
      "game": 12,
      "is_activated": true
    }
  },
  {
    "model": "game.gameoption",
    "pk": 56,
    "fields": {
      "name": "Feuer und Eis - Völker",
      "game": 12,
      "is_activated": true
    }
  },
  {
    "model": "game.gameoption",
    "pk": 57,
    "fields": {
      "name": "Startsiegpunkte",
      "game": 12,
      "is_activated": null
    }
  },
  {
    "model": "game.gameoption",
    "pk": 58,
    "fields": {
      "name": "Mini-Erweiterungen",
      "game": 12,
      "is_activated": false
    }
  },
  {
    "model": "game.gameoption",
    "pk": 59,
    "fields": {
      "name": "Landschaften-Erweiterung",
      "game": 12,
      "is_activated": false
    }
  },
  {
    "model": "game.gameoption",
    "pk": 60,
    "fields": {
      "name": "Marienkäfer",
      "game": 16,
      "is_activated": false
    }
  },
  {
    "model": "game.gameoption",
    "pk": 61,
    "fields": {
      "name": "Moskito",
      "game": 16,
      "is_activated": false
    }
  },
  {
    "model": "game.gameoption",
    "pk": 62,
    "fields": {
      "name": "Kellerassel",
      "game": 16,
      "is_activated": false
    }
  },
  {
    "model": "game.gameoption",
    "pk": 63,
    "fields": {
      "name": "Eröffnung",
      "game": 16,
      "is_activated": null
    }
  },
  {
    "model": "game.gameoption",
    "pk": 64,
    "fields": {
      "name": "Erweiterungen \"Privat-Boote\"",
      "game": 17,
      "is_activated": false
    }
  },
  {
    "model": "game.gameoption",
    "pk": 65,
    "fields": {
      "name": "Erweiterungen \"Die Wetten\"",
      "game": 17,
      "is_activated": false
    }
  },
  {
    "model": "game.gameoption",
    "pk": 66,
    "fields": {
      "name": "Erweiterungen \"Die Gunst des Pharaoh\"",
      "game": 17,
      "is_activated": false
    }
  },
  {
    "model": "game.gameoption",
    "pk": 67,
    "fields": {
      "name": "Erweiterungen \"Götterprophezeiungen\"",
      "game": 17,
      "is_activated": false
    }
  },
  {
    "model": "game.gameoption",
    "pk": 68,
    "fields": {
      "name": "Erweiterungen \"Zusätzliche Marktkarten\"",
      "game": 17,
      "is_activated": false
    }
  },
  {
    "model": "game.gameoption",
    "pk": 69,
    "fields": {
      "name": "Varianten \"Zorn des Pharao\"",
      "game": 17,
      "is_activated": false
    }
  },
  {
    "model": "game.gameoption",
    "pk": 70,
    "fields": {
      "name": "Varianten \"Unbegrenzte Steine\"",
      "game": 17,
      "is_activated": false
    }
  },
  {
    "model": "game.gameoption",
    "pk": 71,
    "fields": {
      "name": "Seiten der Orte wählen \"Markt\"",
      "game": 17,
      "is_activated": null
    }
  },
  {
    "model": "game.gameoption",
    "pk": 72,
    "fields": {
      "name": "Seiten der Orte wählen \"Pyramide\"",
      "game": 17,
      "is_activated": null
    }
  },
  {
    "model": "game.gameoption",
    "pk": 73,
    "fields": {
      "name": "Seiten der Orte wählen \"Tempel\"",
      "game": 17,
      "is_activated": null
    }
  },
  {
    "model": "game.gameoption",
    "pk": 74,
    "fields": {
      "name": "Seiten der Orte wählen \"Grabkammer\"",
      "game": 17,
      "is_activated": null
    }
  },
  {
    "model": "game.gameoption",
    "pk": 75,
    "fields": {
      "name": "Seiten der Orte wählen \"Obelisken\"",
      "game": 17,
      "is_activated": null
    }
  },
  {
    "model": "game.gameoption",
    "pk": 76,
    "fields": {
      "name": "Das Reich der Mitte",
      "game": 18,
      "is_activated": false
    }
  },
  {
    "model": "game.gameoption",
    "pk": 77,
    "fields": {
      "name": "Harmonie",
      "game": 18,
      "is_activated": false
    }
  },
  {
    "model": "game.gameoption",
    "pk": 78,
    "fields": {
      "name": "Das große Duell",
      "game": 18,
      "is_activated": null
    }
  },
  {
    "model": "game.gameoption",
    "pk": 79,
    "fields": {
      "name": "Spielregeln",
      "game": 19,
      "is_activated": null
    }
  },
  {
    "model": "game.gameoption",
    "pk": 80,
    "fields": {
      "name": "Erweiterung 1 Lux & Tenebrae",
      "game": 19,
      "is_activated": false
    }
  },
  {
    "model": "game.gameoption",
    "pk": 81,
    "fields": {
      "name": "Erweiterung",
      "game": 20,
      "is_activated": null
    }
  },
  {
    "model": "game.gameoption",
    "pk": 82,
    "fields": {
      "name": "Ziele",
      "game": 20,
      "is_activated": null
    }
  },
  {
    "model": "game.gameoption",
    "pk": 83,
    "fields": {
      "name": "Übernahme",
      "game": 20,
      "is_activated": null
    }
  },
  {
    "model": "game.gameoption",
    "pk": 84,
    "fields": {
      "name": "Neue Waffen",
      "game": 20,
      "is_activated": true
    }
  },
  {
    "model": "game.gameoption",
    "pk": 85,
    "fields": {
      "name": "Draft-Variante",
      "game": 20,
      "is_activated": null
    }
  },
  {
    "model": "game.gameoption",
    "pk": 86,
    "fields": {
      "name": "Neue Welten",
      "game": 20,
      "is_activated": true
    }
  },
  {
    "model": "game.gameoption",
    "pk": 87,
    "fields": {
      "name": "Variante",
      "game": 21,
      "is_activated": null
    }
  },
  {
    "model": "game.gameoption",
    "pk": 88,
    "fields": {
      "name": "Verteilung",
      "game": 21,
      "is_activated": null
    }
  },
  {
    "model": "game.gameoption",
    "pk": 89,
    "fields": {
      "name": "Kompetitives Level",
      "game": 21,
      "is_activated": null
    }
  },
  {
    "model": "game.gameoption",
    "pk": 90,
    "fields": {
      "name": "Öffentliche Ziele",
      "game": 23,
      "is_activated": true
    }
  },
  {
    "model": "game.gameoption",
    "pk": 91,
    "fields": {
      "name": "Erweiterte Regeln",
      "game": 23,
      "is_activated": true
    }
  },
  {
    "model": "game.gameoption",
    "pk": 92,
    "fields": {
      "name": "freundlicher Aktienverkauf",
      "game": 23,
      "is_activated": false
    }
  },
  {
    "model": "game.gameoption",
    "pk": 93,
    "fields": {
      "name": "Option",
      "game": 24,
      "is_activated": null
    }
  },
  {
    "model": "game.gameoption",
    "pk": 94,
    "fields": {
      "name": "Option \"Regierungsaufträge\"",
      "game": 24,
      "is_activated": true
    }
  },
  {
    "model": "game.gameoption",
    "pk": 95,
    "fields": {
      "name": "Spielerbogen für erfahrene Spieler ",
      "game": 24,
      "is_activated": true
    }
  },
  {
    "model": "game.gameoption",
    "pk": 96,
    "fields": {
      "name": "Regierungsaufträge",
      "game": 24,
      "is_activated": true
    }
  },
  {
    "model": "game.gameoption",
    "pk": 97,
    "fields": {
      "name": "Erweiterte Spielregeln",
      "game": 25,
      "is_activated": true
    }
  },
  {
    "model": "game.gameoption",
    "pk": 98,
    "fields": {
      "name": "Freundlicher Aktienverkauf",
      "game": 25,
      "is_activated": true
    }
  },
  {
    "model": "game.gameoption",
    "pk": 99,
    "fields": {
      "name": "Strecke",
      "game": 27,
      "is_activated": null
    }
  },
  {
    "model": "game.gameoption",
    "pk": 100,
    "fields": {
      "name": "Runden",
      "game": 27,
      "is_activated": null
    }
  },
  {
    "model": "game.gameoption",
    "pk": 101,
    "fields": {
      "name": "Kartenset",
      "game": 27,
      "is_activated": null
    }
  },
  {
    "model": "game.gameoption",
    "pk": 102,
    "fields": {
      "name": "Variante \"beschleunigter Ablauf\"",
      "game": 27,
      "is_activated": true
    }
  },
  {
    "model": "game.gameoption",
    "pk": 103,
    "fields": {
      "name": "Variante \"Einfädeln erlaubt\"",
      "game": 27,
      "is_activated": false
    }
  },
  {
    "model": "game.gameoption",
    "pk": 104,
    "fields": {
      "name": "Doppelsymbolkarten",
      "game": 30,
      "is_activated": null
    }
  },
  {
    "model": "game.gameoption",
    "pk": 105,
    "fields": {
      "name": "Mehr Vorausschau",
      "game": 30,
      "is_activated": null
    }
  },
  {
    "model": "game.gameoption",
    "pk": 106,
    "fields": {
      "name": "Mehr Vorschau",
      "game": 30,
      "is_activated": null
    }
  },
  {
    "model": "game.gameoption",
    "pk": 107,
    "fields": {
      "name": "ppelsymbolkarten",
      "game": 30,
      "is_activated": null
    }
  },
  {
    "model": "game.gameoption",
    "pk": 108,
    "fields": {
      "name": "hr Vorausschau",
      "game": 30,
      "is_activated": null
    }
  },
  {
    "model": "game.gameoption",
    "pk": 109,
    "fields": {
      "name": "Spielversion \"Artefakte\"",
      "game": 32,
      "is_activated": false
    }
  },
  {
    "model": "game.gameoption",
    "pk": 110,
    "fields": {
      "name": "Volksgruppe \"Basis\"",
      "game": 32,
      "is_activated": true
    }
  },
  {
    "model": "game.gameoption",
    "pk": 111,
    "fields": {
      "name": "Volksgruppe \"Erweiterung\"",
      "game": 32,
      "is_activated": false
    }
  },
  {
    "model": "game.gameoption",
    "pk": 112,
    "fields": {
      "name": "Volksgruppe \"Promo\"",
      "game": 32,
      "is_activated": false
    }
  },
  {
    "model": "game.gameoption",
    "pk": 113,
    "fields": {
      "name": "Zuordnung der Völker",
      "game": 32,
      "is_activated": null
    }
  },
  {
    "model": "game.gameoption",
    "pk": 114,
    "fields": {
      "name": "Spielplananordnung",
      "game": 32,
      "is_activated": null
    }
  },
  {
    "model": "game.gameoption",
    "pk": 115,
    "fields": {
      "name": "ielversion",
      "game": 32,
      "is_activated": null
    }
  },
  {
    "model": "game.gameoption",
    "pk": 116,
    "fields": {
      "name": "ielversion \"Artefakte\"",
      "game": 32,
      "is_activated": false
    }
  },
  {
    "model": "game.gameoption",
    "pk": 117,
    "fields": {
      "name": "lksgruppe \"Basis\"",
      "game": 32,
      "is_activated": null
    }
  },
  {
    "model": "game.gameoption",
    "pk": 118,
    "fields": {
      "name": "lksgruppe \"Erweiterung\"",
      "game": 32,
      "is_activated": false
    }
  },
  {
    "model": "game.gameoption",
    "pk": 119,
    "fields": {
      "name": "lksgruppe \"Promo\"",
      "game": 32,
      "is_activated": false
    }
  },
  {
    "model": "game.gameoption",
    "pk": 120,
    "fields": {
      "name": "ordnung der Völker",
      "game": 32,
      "is_activated": null
    }
  },
  {
    "model": "game.gameoption",
    "pk": 121,
    "fields": {
      "name": "ielplananordung",
      "game": 32,
      "is_activated": null
    }
  },
  {
    "model": "game.gameoption",
    "pk": 122,
    "fields": {
      "name": "Voraussage",
      "game": 33,
      "is_activated": true
    }
  },
  {
    "model": "game.gameoption",
    "pk": 123,
    "fields": {
      "name": "Uxmal-Begrenzung der Maismenge",
      "game": 35,
      "is_activated": null
    }
  },
  {
    "model": "game.gameoption",
    "pk": 124,
    "fields": {
      "name": "ufbau erstes Spiel",
      "game": 36,
      "is_activated": false
    }
  },
  {
    "model": "game.gameoption",
    "pk": 125,
    "fields": {
      "name": "klipse Option",
      "game": 36,
      "is_activated": null
    }
  },
  {
    "model": "game.gameoption",
    "pk": 126,
    "fields": {
      "name": "tartplättchen",
      "game": 36,
      "is_activated": null
    }
  },
  {
    "model": "game.gameoption",
    "pk": 127,
    "fields": {
      "name": "yramidenaufbau",
      "game": 36,
      "is_activated": null
    }
  },
  {
    "model": "game.gameoption",
    "pk": 128,
    "fields": {
      "name": "Startplätchen",
      "game": 36,
      "is_activated": null
    }
  },
  {
    "model": "game.gameoption",
    "pk": 129,
    "fields": {
      "name": "Option \"mit Schrein\"",
      "game": 37,
      "is_activated": false
    }
  },
  {
    "model": "game.gameoption",
    "pk": 130,
    "fields": {
      "name": "Hofschritte",
      "game": 38,
      "is_activated": null
    }
  },
  {
    "model": "game.gameoption",
    "pk": 131,
    "fields": {
      "name": "Hofphasenschritte",
      "game": 38,
      "is_activated": null
    }
  },
  {
    "model": "game.gameoption",
    "pk": 132,
    "fields": {
      "name": "ofphasenschritte",
      "game": 38,
      "is_activated": null
    }
  },
  {
    "model": "game.gameoption",
    "pk": 133,
    "fields": {
      "name": "Variante Schwarze Würfel",
      "game": 39,
      "is_activated": false
    }
  },
  {
    "model": "game.gameoption",
    "pk": 134,
    "fields": {
      "name": "Freundliche Variante",
      "game": 41,
      "is_activated": false
    }
  },
  {
    "model": "game.gameoption",
    "pk": 135,
    "fields": {
      "name": "Mama & Papa-Auswahl",
      "game": 41,
      "is_activated": false
    }
  },
  {
    "model": "game.gameoption",
    "pk": 136,
    "fields": {
      "name": "Harter Winter",
      "game": 42,
      "is_activated": true
    }
  },
  {
    "model": "game.gameoption",
    "pk": 137,
    "fields": {
      "name": "Wilde Tiere",
      "game": 42,
      "is_activated": true
    }
  },
  {
    "model": "game.gameoption",
    "pk": 138,
    "fields": {
      "name": "Iglus",
      "game": 42,
      "is_activated": true
    }
  },
  {
    "model": "game.gameoption",
    "pk": 139,
    "fields": {
      "name": "Die neuen Hütten",
      "game": 42,
      "is_activated": true
    }
  },
  {
    "model": "game.gameoption",
    "pk": 140,
    "fields": {
      "name": "Mammutherde",
      "game": 42,
      "is_activated": true
    }
  },
  {
    "model": "game.gameoption",
    "pk": 141,
    "fields": {
      "name": "Die Erweiterung",
      "game": 42,
      "is_activated": false
    }
  },
  {
    "model": "game.gameoption",
    "pk": 142,
    "fields": {
      "name": "Abteilungen",
      "game": 43,
      "is_activated": null
    }
  },
  {
    "model": "game.gameoption",
    "pk": 143,
    "fields": {
      "name": "Warten Option",
      "game": 43,
      "is_activated": false
    }
  },
  {
    "model": "game.gameoption",
    "pk": 144,
    "fields": {
      "name": "Geheime Spende",
      "game": 43,
      "is_activated": false
    }
  },
  {
    "model": "game.gameoption",
    "pk": 145,
    "fields": {
      "name": "Erweiterung Goldenes Flies",
      "game": 44,
      "is_activated": false
    }
  },
  {
    "model": "game.gameoption",
    "pk": 146,
    "fields": {
      "name": "Einfache Götter",
      "game": 44,
      "is_activated": true
    }
  },
  {
    "model": "game.gameoption",
    "pk": 147,
    "fields": {
      "name": "Heldenkräfte",
      "game": 44,
      "is_activated": false
    }
  },
  {
    "model": "game.gameoption",
    "pk": 148,
    "fields": {
      "name": "Fortgeschrittene Götter",
      "game": 44,
      "is_activated": false
    }
  },
  {
    "model": "game.gameoption",
    "pk": 149,
    "fields": {
      "name": "Aufbau",
      "game": 44,
      "is_activated": null
    }
  },
  {
    "model": "game.gameoption",
    "pk": 150,
    "fields": {
      "name": "Erweiterung Goldenes Vlies",
      "game": 44,
      "is_activated": false
    }
  },
  {
    "model": "game.gameoption",
    "pk": 151,
    "fields": {
      "name": "Helden",
      "game": 45,
      "is_activated": null
    }
  },
  {
    "model": "game.gameoption",
    "pk": 152,
    "fields": {
      "name": "Preis des großen Privilegs",
      "game": 46,
      "is_activated": null
    }
  },
  {
    "model": "game.gameoption",
    "pk": 153,
    "fields": {
      "name": "pielaufbau",
      "game": 48,
      "is_activated": null
    }
  },
  {
    "model": "game.gameoption",
    "pk": 154,
    "fields": {
      "name": "chwieriger Modus",
      "game": 48,
      "is_activated": false
    }
  },
  {
    "model": "game.gameoption",
    "pk": 155,
    "fields": {
      "name": "Option \"Random donjon setup\"",
      "game": 49,
      "is_activated": false
    }
  },
  {
    "model": "game.gameoption",
    "pk": 156,
    "fields": {
      "name": "Option \"Start-Personalkarten\"",
      "game": 50,
      "is_activated": null
    }
  },
  {
    "model": "game.gameoption",
    "pk": 157,
    "fields": {
      "name": "Option \"Hotels \"",
      "game": 50,
      "is_activated": null
    }
  },
  {
    "model": "game.gameoption",
    "pk": 158,
    "fields": {
      "name": "Variante \"ohne Küchenhilfe\"",
      "game": 50,
      "is_activated": false
    }
  },
  {
    "model": "game.gameoption",
    "pk": 159,
    "fields": {
      "name": "Variante \"Kostenlose Kunden austauschen\"",
      "game": 50,
      "is_activated": false
    }
  },
  {
    "model": "game.gameoption",
    "pk": 160,
    "fields": {
      "name": "Start-Personalkarten ",
      "game": 50,
      "is_activated": null
    }
  },
  {
    "model": "game.gameoption",
    "pk": 161,
    "fields": {
      "name": "Spielaufbau",
      "game": 53,
      "is_activated": null
    }
  },
  {
    "model": "game.gameoption",
    "pk": 162,
    "fields": {
      "name": "Option \"Keine Anzeige der verbleibenden Stationskarten\"",
      "game": 54,
      "is_activated": false
    }
  },
  {
    "model": "game.gameoption",
    "pk": 163,
    "fields": {
      "name": "Variantenoption",
      "game": 55,
      "is_activated": false
    }
  },
  {
    "model": "game.gameoption",
    "pk": 164,
    "fields": {
      "name": "Rückgängig/Bestätigen erlaubt",
      "game": 55,
      "is_activated": true
    }
  },
  {
    "model": "game.gameoption",
    "pk": 165,
    "fields": {
      "name": "Schnellwertung",
      "game": 55,
      "is_activated": true
    }
  },
  {
    "model": "game.gameoption",
    "pk": 166,
    "fields": {
      "name": "Sojasoße",
      "game": 56,
      "is_activated": true
    }
  },
  {
    "model": "game.gameoption",
    "pk": 167,
    "fields": {
      "name": "In beide Richtungen weitergeben",
      "game": 56,
      "is_activated": true
    }
  },
  {
    "model": "game.gameoption",
    "pk": 168,
    "fields": {
      "name": "Variante für 2 Spieler",
      "game": 56,
      "is_activated": false
    }
  },
  {
    "model": "game.gameoption",
    "pk": 169,
    "fields": {
      "name": "Edition",
      "game": 58,
      "is_activated": null
    }
  },
  {
    "model": "game.gameoption",
    "pk": 170,
    "fields": {
      "name": "Railroads",
      "game": 62,
      "is_activated": null
    }
  },
  {
    "model": "game.gameoption",
    "pk": 171,
    "fields": {
      "name": "Fortgeschrittene Variante",
      "game": 66,
      "is_activated": true
    }
  },
  {
    "model": "game.gameoptionchoice",
    "pk": 1,
    "fields": {
      "name": " standard",
      "is_selected": false,
      "option": 5
    }
  },
  {
    "model": "game.gameoptionchoice",
    "pk": 2,
    "fields": {
      "name": " Standard",
      "is_selected": false,
      "option": 5
    }
  },
  {
    "model": "game.gameoptionchoice",
    "pk": 3,
    "fields": {
      "name": " No auction",
      "is_selected": false,
      "option": 10
    }
  },
  {
    "model": "game.gameoptionchoice",
    "pk": 4,
    "fields": {
      "name": " Balanced",
      "is_selected": false,
      "option": 11
    }
  },
  {
    "model": "game.gameoptionchoice",
    "pk": 5,
    "fields": {
      "name": " Choose faction, then bid",
      "is_selected": false,
      "option": 10
    }
  },
  {
    "model": "game.gameoptionchoice",
    "pk": 6,
    "fields": {
      "name": " Alternative Auktion (Spielerreihenfolge hängt vom gewählten Clan ab)",
      "is_selected": false,
      "option": 18
    }
  },
  {
    "model": "game.gameoptionchoice",
    "pk": 7,
    "fields": {
      "name": " Fortgeschrittene Variante",
      "is_selected": false,
      "option": 21
    }
  },
  {
    "model": "game.gameoptionchoice",
    "pk": 8,
    "fields": {
      "name": " Fortgeschrittene Regeln",
      "is_selected": false,
      "option": 21
    }
  },
  {
    "model": "game.gameoptionchoice",
    "pk": 9,
    "fields": {
      "name": " Identisches (zufälliges) Tableau für alle Spieler/Spielerinnen",
      "is_selected": false,
      "option": 22
    }
  },
  {
    "model": "game.gameoptionchoice",
    "pk": 10,
    "fields": {
      "name": " Ausgabe von 2019",
      "is_selected": false,
      "option": 23
    }
  },
  {
    "model": "game.gameoptionchoice",
    "pk": 11,
    "fields": {
      "name": " Zufälliges Tableau ohne Tableau 8",
      "is_selected": false,
      "option": 22
    }
  },
  {
    "model": "game.gameoptionchoice",
    "pk": 12,
    "fields": {
      "name": " Erste Ausgabe",
      "is_selected": false,
      "option": 23
    }
  },
  {
    "model": "game.gameoptionchoice",
    "pk": 13,
    "fields": {
      "name": " zufälliges Tableau ohne Tableau 8",
      "is_selected": false,
      "option": 25
    }
  },
  {
    "model": "game.gameoptionchoice",
    "pk": 14,
    "fields": {
      "name": " Klassischer Spielaufbau (Wähle aus zwei Spielertableaus eines aus)",
      "is_selected": false,
      "option": 22
    }
  },
  {
    "model": "game.gameoptionchoice",
    "pk": 15,
    "fields": {
      "name": " Zufälliges Spielertableau ohne Spielertableau 8",
      "is_selected": false,
      "option": 22
    }
  },
  {
    "model": "game.gameoptionchoice",
    "pk": 16,
    "fields": {
      "name": " Expertenspiel",
      "is_selected": false,
      "option": 26
    }
  },
  {
    "model": "game.gameoptionchoice",
    "pk": 17,
    "fields": {
      "name": " Für Fortgeschrittene (mehr Variation und Untiefen)",
      "is_selected": false,
      "option": 31
    }
  },
  {
    "model": "game.gameoptionchoice",
    "pk": 18,
    "fields": {
      "name": " Auswählen",
      "is_selected": false,
      "option": 32
    }
  },
  {
    "model": "game.gameoptionchoice",
    "pk": 19,
    "fields": {
      "name": " Normal (12 Zeusplättchen)",
      "is_selected": false,
      "option": 33
    }
  },
  {
    "model": "game.gameoptionchoice",
    "pk": 20,
    "fields": {
      "name": " für Fortgeschrittene (mehr Variation und Untiefen)",
      "is_selected": false,
      "option": 31
    }
  },
  {
    "model": "game.gameoptionchoice",
    "pk": 21,
    "fields": {
      "name": " Für Fortgeschrittene (mehr Variation und Untiefen) ",
      "is_selected": false,
      "option": 31
    }
  },
  {
    "model": "game.gameoptionchoice",
    "pk": 22,
    "fields": {
      "name": " normal",
      "is_selected": false,
      "option": 37
    }
  },
  {
    "model": "game.gameoptionchoice",
    "pk": 23,
    "fields": {
      "name": " Fjorde",
      "is_selected": false,
      "option": 48
    }
  },
  {
    "model": "game.gameoptionchoice",
    "pk": 24,
    "fields": {
      "name": " Völker werden in Auktion ausgewählt",
      "is_selected": false,
      "option": 49
    }
  },
  {
    "model": "game.gameoptionchoice",
    "pk": 25,
    "fields": {
      "name": " Variable Zugreihenfolge",
      "is_selected": false,
      "option": 50
    }
  },
  {
    "model": "game.gameoptionchoice",
    "pk": 26,
    "fields": {
      "name": " Grundspiel",
      "is_selected": false,
      "option": 48
    }
  },
  {
    "model": "game.gameoptionchoice",
    "pk": 27,
    "fields": {
      "name": " Feuer & Eis",
      "is_selected": false,
      "option": 48
    }
  },
  {
    "model": "game.gameoptionchoice",
    "pk": 28,
    "fields": {
      "name": " Völker werden in Spielerreihenfolge ausgewählt",
      "is_selected": false,
      "option": 49
    }
  },
  {
    "model": "game.gameoptionchoice",
    "pk": 29,
    "fields": {
      "name": " Nach Völkern angepasst",
      "is_selected": false,
      "option": 57
    }
  },
  {
    "model": "game.gameoptionchoice",
    "pk": 30,
    "fields": {
      "name": " variable Zugreihenfolge",
      "is_selected": false,
      "option": 50
    }
  },
  {
    "model": "game.gameoptionchoice",
    "pk": 31,
    "fields": {
      "name": " Turnier",
      "is_selected": false,
      "option": 63
    }
  },
  {
    "model": "game.gameoptionchoice",
    "pk": 32,
    "fields": {
      "name": " Seite A",
      "is_selected": false,
      "option": 71
    }
  },
  {
    "model": "game.gameoptionchoice",
    "pk": 33,
    "fields": {
      "name": " Seite B",
      "is_selected": false,
      "option": 72
    }
  },
  {
    "model": "game.gameoptionchoice",
    "pk": 34,
    "fields": {
      "name": " (7x7-Feld)",
      "is_selected": false,
      "option": 78
    }
  },
  {
    "model": "game.gameoptionchoice",
    "pk": 35,
    "fields": {
      "name": " Normales Spiel mit Draft",
      "is_selected": false,
      "option": 79
    }
  },
  {
    "model": "game.gameoptionchoice",
    "pk": 36,
    "fields": {
      "name": " Auf der Schwelle zum Krieg + Rebellen vs. Imperium + Aufziehender Sturm",
      "is_selected": false,
      "option": 81
    }
  },
  {
    "model": "game.gameoptionchoice",
    "pk": 37,
    "fields": {
      "name": " Ein",
      "is_selected": false,
      "option": 82
    }
  },
  {
    "model": "game.gameoptionchoice",
    "pk": 38,
    "fields": {
      "name": " Zufällig",
      "is_selected": false,
      "option": 83
    }
  },
  {
    "model": "game.gameoptionchoice",
    "pk": 39,
    "fields": {
      "name": " Kein Ziehen ",
      "is_selected": false,
      "option": 85
    }
  },
  {
    "model": "game.gameoptionchoice",
    "pk": 40,
    "fields": {
      "name": " Rebellen vs Imperium + Aufziehender Sturm",
      "is_selected": false,
      "option": 81
    }
  },
  {
    "model": "game.gameoptionchoice",
    "pk": 41,
    "fields": {
      "name": " Keine Übernahme",
      "is_selected": false,
      "option": 83
    }
  },
  {
    "model": "game.gameoptionchoice",
    "pk": 42,
    "fields": {
      "name": " Kein Ziehen",
      "is_selected": false,
      "option": 85
    }
  },
  {
    "model": "game.gameoptionchoice",
    "pk": 43,
    "fields": {
      "name": " Turnier-modus",
      "is_selected": false,
      "option": 87
    }
  },
  {
    "model": "game.gameoptionchoice",
    "pk": 44,
    "fields": {
      "name": " Auswahl - 7 von 9 (Draft)",
      "is_selected": false,
      "option": 88
    }
  },
  {
    "model": "game.gameoptionchoice",
    "pk": 45,
    "fields": {
      "name": " Kompetitiv",
      "is_selected": false,
      "option": 89
    }
  },
  {
    "model": "game.gameoptionchoice",
    "pk": 46,
    "fields": {
      "name": " Normal",
      "is_selected": false,
      "option": 89
    }
  },
  {
    "model": "game.gameoptionchoice",
    "pk": 47,
    "fields": {
      "name": " Klassisch",
      "is_selected": false,
      "option": 87
    }
  },
  {
    "model": "game.gameoptionchoice",
    "pk": 48,
    "fields": {
      "name": " Spielerbogen für erfahrene Spieler",
      "is_selected": false,
      "option": 93
    }
  },
  {
    "model": "game.gameoptionchoice",
    "pk": 49,
    "fields": {
      "name": " Regierungsaufträge",
      "is_selected": false,
      "option": 93
    }
  },
  {
    "model": "game.gameoptionchoice",
    "pk": 50,
    "fields": {
      "name": " An (+5 Punkte für ein komplettes Königreich)",
      "is_selected": false,
      "option": 77
    }
  },
  {
    "model": "game.gameoptionchoice",
    "pk": 51,
    "fields": {
      "name": " zufällig",
      "is_selected": false,
      "option": 99
    }
  },
  {
    "model": "game.gameoptionchoice",
    "pk": 52,
    "fields": {
      "name": " 3",
      "is_selected": false,
      "option": 100
    }
  },
  {
    "model": "game.gameoptionchoice",
    "pk": 53,
    "fields": {
      "name": " 5",
      "is_selected": false,
      "option": 100
    }
  },
  {
    "model": "game.gameoptionchoice",
    "pk": 54,
    "fields": {
      "name": " Doppelsymbolkarten",
      "is_selected": false,
      "option": 104
    }
  },
  {
    "model": "game.gameoptionchoice",
    "pk": 55,
    "fields": {
      "name": " Reguläre Vorschau",
      "is_selected": false,
      "option": 105
    }
  },
  {
    "model": "game.gameoptionchoice",
    "pk": 56,
    "fields": {
      "name": " Mehr Vorausschau",
      "is_selected": false,
      "option": 105
    }
  },
  {
    "model": "game.gameoptionchoice",
    "pk": 57,
    "fields": {
      "name": " Reguläre Vorausschau",
      "is_selected": false,
      "option": 105
    }
  },
  {
    "model": "game.gameoptionchoice",
    "pk": 58,
    "fields": {
      "name": " zufällig, einzigartig",
      "is_selected": false,
      "option": 113
    }
  },
  {
    "model": "game.gameoptionchoice",
    "pk": 59,
    "fields": {
      "name": " Plus/minus Eins",
      "is_selected": false,
      "option": 87
    }
  },
  {
    "model": "game.gameoptionchoice",
    "pk": 60,
    "fields": {
      "name": " Keine Begrenzung",
      "is_selected": false,
      "option": 123
    }
  },
  {
    "model": "game.gameoptionchoice",
    "pk": 61,
    "fields": {
      "name": " Draft",
      "is_selected": false,
      "option": 38
    }
  },
  {
    "model": "game.gameoptionchoice",
    "pk": 62,
    "fields": {
      "name": " Gleichzeitig",
      "is_selected": false,
      "option": 130
    }
  },
  {
    "model": "game.gameoptionchoice",
    "pk": 63,
    "fields": {
      "name": " gleichzeitig",
      "is_selected": false,
      "option": 132
    }
  },
  {
    "model": "game.gameoptionchoice",
    "pk": 64,
    "fields": {
      "name": " Nur das Basisspiel",
      "is_selected": false,
      "option": 142
    }
  },
  {
    "model": "game.gameoptionchoice",
    "pk": 65,
    "fields": {
      "name": " Abteilungen aus Grundspiel und Erweiterung",
      "is_selected": false,
      "option": 142
    }
  },
  {
    "model": "game.gameoptionchoice",
    "pk": 66,
    "fields": {
      "name": " Schneller Aufbau",
      "is_selected": false,
      "option": 149
    }
  },
  {
    "model": "game.gameoptionchoice",
    "pk": 67,
    "fields": {
      "name": " alle Helden",
      "is_selected": false,
      "option": 151
    }
  },
  {
    "model": "game.gameoptionchoice",
    "pk": 68,
    "fields": {
      "name": " Keine",
      "is_selected": false,
      "option": 81
    }
  },
  {
    "model": "game.gameoptionchoice",
    "pk": 69,
    "fields": {
      "name": " Alte Version 6",
      "is_selected": false,
      "option": 152
    }
  },
  {
    "model": "game.gameoptionchoice",
    "pk": 70,
    "fields": {
      "name": " Neue Version 7",
      "is_selected": false,
      "option": 152
    }
  },
  {
    "model": "game.gameoptionchoice",
    "pk": 71,
    "fields": {
      "name": " Dice Hospital",
      "is_selected": false,
      "option": 153
    }
  },
  {
    "model": "game.gameoptionchoice",
    "pk": 72,
    "fields": {
      "name": " Base game",
      "is_selected": false,
      "option": 87
    }
  },
  {
    "model": "game.gameoptionchoice",
    "pk": 73,
    "fields": {
      "name": " einfacher",
      "is_selected": false,
      "option": 157
    }
  },
  {
    "model": "game.gameoptionchoice",
    "pk": 74,
    "fields": {
      "name": " Profivariante",
      "is_selected": false,
      "option": 160
    }
  },
  {
    "model": "game.gameoptionchoice",
    "pk": 75,
    "fields": {
      "name": " Erstes Spiel",
      "is_selected": false,
      "option": 161
    }
  },
  {
    "model": "game.gameoptionchoice",
    "pk": 76,
    "fields": {
      "name": " Polnische Folklore",
      "is_selected": false,
      "option": 169
    }
  },
  {
    "model": "game.gameoptionchoice",
    "pk": 77,
    "fields": {
      "name": " Halloween",
      "is_selected": false,
      "option": 169
    }
  },
  {
    "model": "game.gameoptionchoice",
    "pk": 78,
    "fields": {
      "name": " Kurzes Spiel",
      "is_selected": false,
      "option": 33
    }
  },
  {
    "model": "game.gameoptionchoice",
    "pk": 79,
    "fields": {
      "name": " Russian",
      "is_selected": false,
      "option": 170
    }
  }
]
