[
  {
    "model": "game.game",
    "pk": 1,
    "fields": {
      "name": "Arche Nova",
      "platform": 1
    }
  },
  {
    "model": "game.game",
    "pk": 5,
    "fields": {
      "name": "Terra Mystica",
      "platform": 1
    }
  },
  {
    "model": "game.game",
    "pk": 6,
    "fields": {
      "name": "Gaia Project",
      "platform": 3
    }
  },
  {
    "model": "game.game",
    "pk": 7,
    "fields": {
      "name": "Terraforming Mars",
      "platform": 1
    }
  },
  {
    "model": "game.game",
    "pk": 8,
    "fields": {
      "name": "Underwater Cities",
      "platform": 2
    }
  },
  {
    "model": "game.game",
    "pk": 26,
    "fields": {
      "name": "Terra Nova",
      "platform": 1
    }
  },
  {
    "model": "game.game",
    "pk": 27,
    "fields": {
      "name": "Dungeon Petz",
      "platform": 1
    }
  },
  {
    "model": "game.game",
    "pk": 28,
    "fields": {
      "name": "Viticulture",
      "platform": 1
    }
  },
  {
    "model": "game.game",
    "pk": 29,
    "fields": {
      "name": "Marco Polo II: Im Auftrag des Khan",
      "platform": 1
    }
  },
  {
    "model": "game.game",
    "pk": 30,
    "fields": {
      "name": "Res Arcana",
      "platform": 1
    }
  },
  {
    "model": "game.game",
    "pk": 31,
    "fields": {
      "name": "Dice Hospital",
      "platform": 1
    }
  },
  {
    "model": "game.game",
    "pk": 32,
    "fields": {
      "name": "Orakel von Delphi",
      "platform": 2
    }
  },
  {
    "model": "game.game",
    "pk": 33,
    "fields": {
      "name": "Through the Ages: Eine neue Geschichte der Zivilisation",
      "platform": 1
    }
  },
  {
    "model": "game.game",
    "pk": 34,
    "fields": {
      "name": "7 Wonders Duel",
      "platform": 1
    }
  },
  {
    "model": "game.game",
    "pk": 35,
    "fields": {
      "name": "Agricola",
      "platform": 1
    }
  },
  {
    "model": "game.game",
    "pk": 36,
    "fields": {
      "name": "Welcome to...",
      "platform": 1
    }
  },
  {
    "model": "game.game",
    "pk": 37,
    "fields": {
      "name": "GOLDblivion",
      "platform": 1
    }
  },
  {
    "model": "game.game",
    "pk": 38,
    "fields": {
      "name": "Die verlorenen Ruinen von Arnak",
      "platform": 1
    }
  },
  {
    "model": "game.gameoption",
    "pk": 1,
    "fields": {
      "name": "Wettbewerbsniveau",
      "game": 1,
      "has_choices": true,
      "only_if_option": null,
      "only_if_choice": null,
      "only_if_value": null
    }
  },
  {
    "model": "game.gameoption",
    "pk": 2,
    "fields": {
      "name": "Friedlicher Modus",
      "game": 1,
      "has_choices": false,
      "only_if_option": null,
      "only_if_choice": null,
      "only_if_value": null
    }
  },
  {
    "model": "game.gameoption",
    "pk": 3,
    "fields": {
      "name": "Map Pack",
      "game": 1,
      "has_choices": false,
      "only_if_option": null,
      "only_if_choice": null,
      "only_if_value": null
    }
  },
  {
    "model": "game.gameoption",
    "pk": 4,
    "fields": {
      "name": "Zooplan der Spieler",
      "game": 1,
      "has_choices": true,
      "only_if_option": null,
      "only_if_choice": null,
      "only_if_value": null
    }
  },
  {
    "model": "game.gameoption",
    "pk": 5,
    "fields": {
      "name": "Alternative Zoopläne",
      "game": 1,
      "has_choices": false,
      "only_if_option": null,
      "only_if_choice": null,
      "only_if_value": null
    }
  },
  {
    "model": "game.gameoption",
    "pk": 9,
    "fields": {
      "name": "Spielbrett",
      "game": 5,
      "has_choices": true,
      "only_if_option": 9,
      "only_if_choice": 25,
      "only_if_value": null
    }
  },
  {
    "model": "game.gameoption",
    "pk": 10,
    "fields": {
      "name": "Fluss-Vorlage",
      "game": 5,
      "has_choices": true,
      "only_if_option": 9,
      "only_if_choice": 25,
      "only_if_value": true
    }
  },
  {
    "model": "game.gameoption",
    "pk": 11,
    "fields": {
      "name": "Start-Siegpunkte",
      "game": 5,
      "has_choices": true,
      "only_if_option": null,
      "only_if_choice": null,
      "only_if_value": null
    }
  },
  {
    "model": "game.gameoption",
    "pk": 12,
    "fields": {
      "name": "Zugreihenfolge",
      "game": 5,
      "has_choices": true,
      "only_if_option": null,
      "only_if_choice": null,
      "only_if_value": null
    }
  },
  {
    "model": "game.gameoption",
    "pk": 13,
    "fields": {
      "name": "Mini-Erweiterungen",
      "game": 5,
      "has_choices": false,
      "only_if_option": null,
      "only_if_choice": null,
      "only_if_value": null
    }
  },
  {
    "model": "game.gameoption",
    "pk": 14,
    "fields": {
      "name": "Sonderlandschaften Erweiterung",
      "game": 5,
      "has_choices": false,
      "only_if_option": 14,
      "only_if_choice": null,
      "only_if_value": true
    }
  },
  {
    "model": "game.gameoption",
    "pk": 15,
    "fields": {
      "name": "Feuer und Eis - Endwertungsplättchen",
      "game": 5,
      "has_choices": false,
      "only_if_option": null,
      "only_if_choice": null,
      "only_if_value": null
    }
  },
  {
    "model": "game.gameoption",
    "pk": 16,
    "fields": {
      "name": "Feuer und Eis - Völker",
      "game": 5,
      "has_choices": false,
      "only_if_option": null,
      "only_if_choice": null,
      "only_if_value": null
    }
  },
  {
    "model": "game.gameoption",
    "pk": 17,
    "fields": {
      "name": "Fan-Völker",
      "game": 5,
      "has_choices": false,
      "only_if_option": null,
      "only_if_choice": null,
      "only_if_value": null
    }
  },
  {
    "model": "game.gameoption",
    "pk": 18,
    "fields": {
      "name": "Auction Mode",
      "game": 6,
      "has_choices": true,
      "only_if_option": null,
      "only_if_choice": null,
      "only_if_value": null
    }
  },
  {
    "model": "game.gameoption",
    "pk": 19,
    "fields": {
      "name": "Map Layout",
      "game": 6,
      "has_choices": true,
      "only_if_option": null,
      "only_if_choice": null,
      "only_if_value": null
    }
  },
  {
    "model": "game.gameoption",
    "pk": 20,
    "fields": {
      "name": "Player Order",
      "game": 6,
      "has_choices": true,
      "only_if_option": null,
      "only_if_choice": null,
      "only_if_value": null
    }
  },
  {
    "model": "game.gameoption",
    "pk": 21,
    "fields": {
      "name": "Host sets up the entire board (including rotation)",
      "game": 6,
      "has_choices": false,
      "only_if_option": null,
      "only_if_choice": null,
      "only_if_value": null
    }
  },
  {
    "model": "game.gameoption",
    "pk": 22,
    "fields": {
      "name": "Random factions",
      "game": 6,
      "has_choices": false,
      "only_if_option": null,
      "only_if_choice": null,
      "only_if_value": null
    }
  },
  {
    "model": "game.gameoption",
    "pk": 23,
    "fields": {
      "name": "Last player rotates sectors",
      "game": 6,
      "has_choices": false,
      "only_if_option": null,
      "only_if_choice": null,
      "only_if_value": null
    }
  },
  {
    "model": "game.gameoption",
    "pk": 24,
    "fields": {
      "name": "Expansions Frontiers",
      "game": 6,
      "has_choices": false,
      "only_if_option": null,
      "only_if_choice": null,
      "only_if_value": null
    }
  },
  {
    "model": "game.gameoption",
    "pk": 25,
    "fields": {
      "name": "Wertung in Echtzeit",
      "game": 7,
      "has_choices": false,
      "only_if_option": null,
      "only_if_choice": null,
      "only_if_value": null
    }
  },
  {
    "model": "game.gameoption",
    "pk": 26,
    "fields": {
      "name": "Draft",
      "game": 7,
      "has_choices": false,
      "only_if_option": null,
      "only_if_choice": null,
      "only_if_value": null
    }
  },
  {
    "model": "game.gameoption",
    "pk": 27,
    "fields": {
      "name": "Zeitalter der Konzerne",
      "game": 7,
      "has_choices": false,
      "only_if_option": null,
      "only_if_choice": null,
      "only_if_value": null
    }
  },
  {
    "model": "game.gameoption",
    "pk": 28,
    "fields": {
      "name": "Anfänger Konzerne",
      "game": 7,
      "has_choices": false,
      "only_if_option": null,
      "only_if_choice": null,
      "only_if_value": null
    }
  },
  {
    "model": "game.gameoption",
    "pk": 29,
    "fields": {
      "name": "Präludium",
      "game": 7,
      "has_choices": false,
      "only_if_option": null,
      "only_if_choice": null,
      "only_if_value": null
    }
  },
  {
    "model": "game.gameoption",
    "pk": 30,
    "fields": {
      "name": "Regierungsaufträge",
      "game": 8,
      "has_choices": false,
      "only_if_option": null,
      "only_if_choice": null,
      "only_if_value": null
    }
  },
  {
    "model": "game.gameoption",
    "pk": 31,
    "fields": {
      "name": "Spielerbogen für erfahrene Spieler",
      "game": 8,
      "has_choices": false,
      "only_if_option": null,
      "only_if_choice": null,
      "only_if_value": null
    }
  },
  {
    "model": "game.gameoption",
    "pk": 73,
    "fields": {
      "name": "2-Spieler-Varianten",
      "game": 26,
      "has_choices": true,
      "only_if_option": null,
      "only_if_choice": null,
      "only_if_value": null
    }
  },
  {
    "model": "game.gameoption",
    "pk": 74,
    "fields": {
      "name": "Zugreihenfolge",
      "game": 26,
      "has_choices": true,
      "only_if_option": null,
      "only_if_choice": null,
      "only_if_value": null
    }
  },
  {
    "model": "game.gameoption",
    "pk": 75,
    "fields": {
      "name": "Völkertableau",
      "game": 26,
      "has_choices": true,
      "only_if_option": null,
      "only_if_choice": null,
      "only_if_value": null
    }
  },
  {
    "model": "game.gameoption",
    "pk": 76,
    "fields": {
      "name": "Mehr Vorausschau",
      "game": 27,
      "has_choices": true,
      "only_if_option": null,
      "only_if_choice": null,
      "only_if_value": null
    }
  },
  {
    "model": "game.gameoption",
    "pk": 77,
    "fields": {
      "name": "Doppelsymbolkarten",
      "game": 27,
      "has_choices": true,
      "only_if_option": null,
      "only_if_choice": null,
      "only_if_value": null
    }
  },
  {
    "model": "game.gameoption",
    "pk": 78,
    "fields": {
      "name": "Mama & Papa-Auswahl",
      "game": 28,
      "has_choices": false,
      "only_if_option": null,
      "only_if_choice": null,
      "only_if_value": null
    }
  },
  {
    "model": "game.gameoption",
    "pk": 79,
    "fields": {
      "name": "Freundliche Variante",
      "game": 28,
      "has_choices": false,
      "only_if_option": null,
      "only_if_choice": null,
      "only_if_value": null
    }
  },
  {
    "model": "game.gameoption",
    "pk": 80,
    "fields": {
      "name": "Alle Charaktere verwenden",
      "game": 29,
      "has_choices": false,
      "only_if_option": null,
      "only_if_choice": null,
      "only_if_value": null
    }
  },
  {
    "model": "game.gameoption",
    "pk": 81,
    "fields": {
      "name": "Die Karawanen-Erweiterung",
      "game": 29,
      "has_choices": false,
      "only_if_option": null,
      "only_if_choice": null,
      "only_if_value": null
    }
  },
  {
    "model": "game.gameoption",
    "pk": 82,
    "fields": {
      "name": "Variante Schwarze Würfel",
      "game": 29,
      "has_choices": false,
      "only_if_option": null,
      "only_if_choice": null,
      "only_if_value": null
    }
  },
  {
    "model": "game.gameoption",
    "pk": 83,
    "fields": {
      "name": "Erweiterung 1: Lux & Tenebrae",
      "game": 30,
      "has_choices": false,
      "only_if_option": null,
      "only_if_choice": null,
      "only_if_value": null
    }
  },
  {
    "model": "game.gameoption",
    "pk": 84,
    "fields": {
      "name": "Spielregeln",
      "game": 30,
      "has_choices": true,
      "only_if_option": null,
      "only_if_choice": null,
      "only_if_value": null
    }
  },
  {
    "model": "game.gameoption",
    "pk": 85,
    "fields": {
      "name": "Hard mode",
      "game": 31,
      "has_choices": true,
      "only_if_option": null,
      "only_if_choice": null,
      "only_if_value": null
    }
  },
  {
    "model": "game.gameoption",
    "pk": 86,
    "fields": {
      "name": "Game setup",
      "game": 31,
      "has_choices": true,
      "only_if_option": null,
      "only_if_choice": null,
      "only_if_value": null
    }
  },
  {
    "model": "game.gameoption",
    "pk": 87,
    "fields": {
      "name": "Weiterspielen",
      "game": 32,
      "has_choices": false,
      "only_if_option": null,
      "only_if_choice": null,
      "only_if_value": null
    }
  },
  {
    "model": "game.gameoption",
    "pk": 88,
    "fields": {
      "name": "Spieldauer",
      "game": 32,
      "has_choices": true,
      "only_if_option": null,
      "only_if_choice": null,
      "only_if_value": null
    }
  },
  {
    "model": "game.gameoption",
    "pk": 89,
    "fields": {
      "name": "Schiffsplättchen Verteilung",
      "game": 32,
      "has_choices": true,
      "only_if_option": null,
      "only_if_choice": null,
      "only_if_value": null
    }
  },
  {
    "model": "game.gameoption",
    "pk": 90,
    "fields": {
      "name": "Karte",
      "game": 32,
      "has_choices": true,
      "only_if_option": null,
      "only_if_choice": null,
      "only_if_value": null
    }
  },
  {
    "model": "game.gameoption",
    "pk": 91,
    "fields": {
      "name": "Friedliche Variante",
      "game": 33,
      "has_choices": false,
      "only_if_option": null,
      "only_if_choice": null,
      "only_if_value": null
    }
  },
  {
    "model": "game.gameoption",
    "pk": 92,
    "fields": {
      "name": "Spielversion",
      "game": 33,
      "has_choices": true,
      "only_if_option": null,
      "only_if_choice": null,
      "only_if_value": null
    }
  },
  {
    "model": "game.gameoption",
    "pk": 93,
    "fields": {
      "name": "Erweiterung: Agora",
      "game": 34,
      "has_choices": false,
      "only_if_option": null,
      "only_if_choice": null,
      "only_if_value": null
    }
  },
  {
    "model": "game.gameoption",
    "pk": 94,
    "fields": {
      "name": "Erweiterung: Pantheon",
      "game": 34,
      "has_choices": false,
      "only_if_option": null,
      "only_if_choice": null,
      "only_if_value": null
    }
  },
  {
    "model": "game.gameoption",
    "pk": 95,
    "fields": {
      "name": "Konsul Dirigens",
      "game": 35,
      "has_choices": false,
      "only_if_option": null,
      "only_if_choice": null,
      "only_if_value": null
    }
  },
  {
    "model": "game.gameoption",
    "pk": 96,
    "fields": {
      "name": "Ephipparius",
      "game": 35,
      "has_choices": false,
      "only_if_option": null,
      "only_if_choice": null,
      "only_if_value": null
    }
  },
  {
    "model": "game.gameoption",
    "pk": 97,
    "fields": {
      "name": "Dulcinaria",
      "game": 35,
      "has_choices": false,
      "only_if_option": null,
      "only_if_choice": null,
      "only_if_value": null
    }
  },
  {
    "model": "game.gameoption",
    "pk": 98,
    "fields": {
      "name": "Corbarius",
      "game": 35,
      "has_choices": false,
      "only_if_option": null,
      "only_if_choice": null,
      "only_if_value": null
    }
  },
  {
    "model": "game.gameoption",
    "pk": 99,
    "fields": {
      "name": "Bubulcus",
      "game": 35,
      "has_choices": false,
      "only_if_option": null,
      "only_if_choice": null,
      "only_if_value": null
    }
  },
  {
    "model": "game.gameoption",
    "pk": 100,
    "fields": {
      "name": "Artifex",
      "game": 35,
      "has_choices": false,
      "only_if_option": null,
      "only_if_choice": null,
      "only_if_value": null
    }
  },
  {
    "model": "game.gameoption",
    "pk": 101,
    "fields": {
      "name": "Basis-Set",
      "game": 35,
      "has_choices": false,
      "only_if_option": null,
      "only_if_choice": null,
      "only_if_value": null
    }
  },
  {
    "model": "game.gameoption",
    "pk": 102,
    "fields": {
      "name": "Kartenset",
      "game": 35,
      "has_choices": true,
      "only_if_option": null,
      "only_if_choice": null,
      "only_if_value": null
    }
  },
  {
    "model": "game.gameoption",
    "pk": 103,
    "fields": {
      "name": "Live-Wertung",
      "game": 35,
      "has_choices": false,
      "only_if_option": null,
      "only_if_choice": null,
      "only_if_value": null
    }
  },
  {
    "model": "game.gameoption",
    "pk": 104,
    "fields": {
      "name": "Draftmodus",
      "game": 35,
      "has_choices": true,
      "only_if_option": null,
      "only_if_choice": null,
      "only_if_value": null
    }
  },
  {
    "model": "game.gameoption",
    "pk": 105,
    "fields": {
      "name": "Zusätzliche Aktionsfelder",
      "game": 35,
      "has_choices": false,
      "only_if_option": null,
      "only_if_choice": null,
      "only_if_value": null
    }
  },
  {
    "model": "game.gameoption",
    "pk": 106,
    "fields": {
      "name": "Kompetitives Level",
      "game": 35,
      "has_choices": true,
      "only_if_option": null,
      "only_if_choice": null,
      "only_if_value": null
    }
  },
  {
    "model": "game.gameoption",
    "pk": 107,
    "fields": {
      "name": "Brett/Erweiterung",
      "game": 36,
      "has_choices": true,
      "only_if_option": null,
      "only_if_choice": null,
      "only_if_value": null
    }
  },
  {
    "model": "game.gameoption",
    "pk": 108,
    "fields": {
      "name": "Expertenregeln",
      "game": 36,
      "has_choices": false,
      "only_if_option": null,
      "only_if_choice": null,
      "only_if_value": null
    }
  },
  {
    "model": "game.gameoption",
    "pk": 109,
    "fields": {
      "name": "Fortgeschrittene Variante",
      "game": 36,
      "has_choices": false,
      "only_if_option": null,
      "only_if_choice": null,
      "only_if_value": null
    }
  },
  {
    "model": "game.gameoption",
    "pk": 110,
    "fields": {
      "name": "Seite des Spielbretts",
      "game": 38,
      "has_choices": true,
      "only_if_option": null,
      "only_if_choice": null,
      "only_if_value": null
    }
  },
  {
    "model": "game.gameoptionchoice",
    "pk": 1,
    "fields": {
      "name": "Anfänger",
      "option": 1
    }
  },
  {
    "model": "game.gameoptionchoice",
    "pk": 2,
    "fields": {
      "name": "Erstes Spiel",
      "option": 1
    }
  },
  {
    "model": "game.gameoptionchoice",
    "pk": 3,
    "fields": {
      "name": "Freier Aufbau",
      "option": 1
    }
  },
  {
    "model": "game.gameoptionchoice",
    "pk": 4,
    "fields": {
      "name": "Freier Aufbau ohne A und 0",
      "option": 1
    }
  },
  {
    "model": "game.gameoptionchoice",
    "pk": 5,
    "fields": {
      "name": "Gleicher Zooplan für alle",
      "option": 1
    }
  },
  {
    "model": "game.gameoptionchoice",
    "pk": 6,
    "fields": {
      "name": "Standard",
      "option": 1
    }
  },
  {
    "model": "game.gameoptionchoice",
    "pk": 7,
    "fields": {
      "name": "Zooplan 1 (Aussichtsplattform)",
      "option": 4
    }
  },
  {
    "model": "game.gameoptionchoice",
    "pk": 8,
    "fields": {
      "name": "Zooplan 2 (Freilaufflächen)",
      "option": 4
    }
  },
  {
    "model": "game.gameoptionchoice",
    "pk": 9,
    "fields": {
      "name": "Zooplan 3 (Silbersee)",
      "option": 4
    }
  },
  {
    "model": "game.gameoptionchoice",
    "pk": 10,
    "fields": {
      "name": "Zooplan 4 (Handelshafen)",
      "option": 4
    }
  },
  {
    "model": "game.gameoptionchoice",
    "pk": 11,
    "fields": {
      "name": "Zooplan 5 (Parkrestaurant)",
      "option": 4
    }
  },
  {
    "model": "game.gameoptionchoice",
    "pk": 12,
    "fields": {
      "name": "Zooplan 6 (Forschungsinstitut)",
      "option": 4
    }
  },
  {
    "model": "game.gameoptionchoice",
    "pk": 13,
    "fields": {
      "name": "Zooplan 7 (Eisdielen)",
      "option": 4
    }
  },
  {
    "model": "game.gameoptionchoice",
    "pk": 14,
    "fields": {
      "name": "Zooplan 8 (Hollywood Hills)",
      "option": 4
    }
  },
  {
    "model": "game.gameoptionchoice",
    "pk": 15,
    "fields": {
      "name": "Zooplan 9 (Geozoo)",
      "option": 4
    }
  },
  {
    "model": "game.gameoptionchoice",
    "pk": 16,
    "fields": {
      "name": "Zooplan 10 (Auffangstation)",
      "option": 4
    }
  },
  {
    "model": "game.gameoptionchoice",
    "pk": 17,
    "fields": {
      "name": "Zufällig",
      "option": 4
    }
  },
  {
    "model": "game.gameoptionchoice",
    "pk": 18,
    "fields": {
      "name": "Benutzerdefiniert",
      "option": 9
    }
  },
  {
    "model": "game.gameoptionchoice",
    "pk": 19,
    "fields": {
      "name": "Feuer & Eis",
      "option": 9
    }
  },
  {
    "model": "game.gameoptionchoice",
    "pk": 20,
    "fields": {
      "name": "Fjorde",
      "option": 9
    }
  },
  {
    "model": "game.gameoptionchoice",
    "pk": 21,
    "fields": {
      "name": "Seen (von Jason Counihan)",
      "option": 9
    }
  },
  {
    "model": "game.gameoptionchoice",
    "pk": 22,
    "fields": {
      "name": "Überarbeitetes Grundspiel",
      "option": 9
    }
  },
  {
    "model": "game.gameoptionchoice",
    "pk": 23,
    "fields": {
      "name": "Zufällig",
      "option": 9
    }
  },
  {
    "model": "game.gameoptionchoice",
    "pk": 24,
    "fields": {
      "name": "Zufällig",
      "option": 9
    }
  },
  {
    "model": "game.gameoptionchoice",
    "pk": 25,
    "fields": {
      "name": "Zufällig generiert (von IKM)",
      "option": 9
    }
  },
  {
    "model": "game.gameoptionchoice",
    "pk": 26,
    "fields": {
      "name": "Feuer & Eis",
      "option": 10
    }
  },
  {
    "model": "game.gameoptionchoice",
    "pk": 27,
    "fields": {
      "name": "Fjorde",
      "option": 10
    }
  },
  {
    "model": "game.gameoptionchoice",
    "pk": 28,
    "fields": {
      "name": "Grundspiel",
      "option": 10
    }
  },
  {
    "model": "game.gameoptionchoice",
    "pk": 29,
    "fields": {
      "name": "Seen (von Jason Counihan)",
      "option": 10
    }
  },
  {
    "model": "game.gameoptionchoice",
    "pk": 30,
    "fields": {
      "name": "Nach Völkern angepasst",
      "option": 11
    }
  },
  {
    "model": "game.gameoptionchoice",
    "pk": 31,
    "fields": {
      "name": "Schnelle Versteigerung",
      "option": 11
    }
  },
  {
    "model": "game.gameoptionchoice",
    "pk": 32,
    "fields": {
      "name": "Standard",
      "option": 11
    }
  },
  {
    "model": "game.gameoptionchoice",
    "pk": 33,
    "fields": {
      "name": "Standard-Versteigerung",
      "option": 11
    }
  },
  {
    "model": "game.gameoptionchoice",
    "pk": 34,
    "fields": {
      "name": "Im Uhrzeigersinn vom Startspieler",
      "option": 12
    }
  },
  {
    "model": "game.gameoptionchoice",
    "pk": 35,
    "fields": {
      "name": "Variable Zugreihenfolge",
      "option": 12
    }
  },
  {
    "model": "game.gameoptionchoice",
    "pk": 36,
    "fields": {
      "name": "An",
      "option": 15
    }
  },
  {
    "model": "game.gameoptionchoice",
    "pk": 37,
    "fields": {
      "name": "Aus",
      "option": 15
    }
  },
  {
    "model": "game.gameoptionchoice",
    "pk": 38,
    "fields": {
      "name": "Zufällig",
      "option": 15
    }
  },
  {
    "model": "game.gameoptionchoice",
    "pk": 39,
    "fields": {
      "name": "An",
      "option": 16
    }
  },
  {
    "model": "game.gameoptionchoice",
    "pk": 40,
    "fields": {
      "name": "Aus",
      "option": 16
    }
  },
  {
    "model": "game.gameoptionchoice",
    "pk": 41,
    "fields": {
      "name": "Zufällig",
      "option": 16
    }
  },
  {
    "model": "game.gameoptionchoice",
    "pk": 42,
    "fields": {
      "name": "An",
      "option": 17
    }
  },
  {
    "model": "game.gameoptionchoice",
    "pk": 43,
    "fields": {
      "name": "Aus",
      "option": 17
    }
  },
  {
    "model": "game.gameoptionchoice",
    "pk": 44,
    "fields": {
      "name": "Zufällig",
      "option": 17
    }
  },
  {
    "model": "game.gameoptionchoice",
    "pk": 45,
    "fields": {
      "name": "Choose factions while bidding",
      "option": 18
    }
  },
  {
    "model": "game.gameoptionchoice",
    "pk": 46,
    "fields": {
      "name": "Choose factions, then bid",
      "option": 18
    }
  },
  {
    "model": "game.gameoptionchoice",
    "pk": 47,
    "fields": {
      "name": "No auction",
      "option": 18
    }
  },
  {
    "model": "game.gameoptionchoice",
    "pk": 48,
    "fields": {
      "name": "Standard",
      "option": 19
    }
  },
  {
    "model": "game.gameoptionchoice",
    "pk": 49,
    "fields": {
      "name": "X shape (8 sectors)",
      "option": 19
    }
  },
  {
    "model": "game.gameoptionchoice",
    "pk": 50,
    "fields": {
      "name": "Host decides order",
      "option": 20
    }
  },
  {
    "model": "game.gameoptionchoice",
    "pk": 51,
    "fields": {
      "name": "Join order",
      "option": 20
    }
  },
  {
    "model": "game.gameoptionchoice",
    "pk": 52,
    "fields": {
      "name": "Random player order",
      "option": 20
    }
  },
  {
    "model": "game.gameoptionchoice",
    "pk": 83,
    "fields": {
      "name": "Glücksgräber-Variante",
      "option": 73
    }
  },
  {
    "model": "game.gameoptionchoice",
    "pk": 84,
    "fields": {
      "name": "Nein",
      "option": 73
    }
  },
  {
    "model": "game.gameoptionchoice",
    "pk": 85,
    "fields": {
      "name": "Planer-Variante",
      "option": 73
    }
  },
  {
    "model": "game.gameoptionchoice",
    "pk": 86,
    "fields": {
      "name": "Variable Zugreihenfolge",
      "option": 74
    }
  },
  {
    "model": "game.gameoptionchoice",
    "pk": 87,
    "fields": {
      "name": "Im Uhrzeigersinn weiter",
      "option": 74
    }
  },
  {
    "model": "game.gameoptionchoice",
    "pk": 88,
    "fields": {
      "name": "In Spielerreihenfolge ausgewählte Völker",
      "option": 75
    }
  },
  {
    "model": "game.gameoptionchoice",
    "pk": 89,
    "fields": {
      "name": "Zufällige Spielplanauswahl",
      "option": 75
    }
  },
  {
    "model": "game.gameoptionchoice",
    "pk": 90,
    "fields": {
      "name": "Zufällige Spielplanauswahl",
      "option": 75
    }
  },
  {
    "model": "game.gameoptionchoice",
    "pk": 91,
    "fields": {
      "name": "Maximale Vorausschau",
      "option": 76
    }
  },
  {
    "model": "game.gameoptionchoice",
    "pk": 92,
    "fields": {
      "name": "Mehr Vorausschau",
      "option": 76
    }
  },
  {
    "model": "game.gameoptionchoice",
    "pk": 93,
    "fields": {
      "name": "Reguläre Vorausschau",
      "option": 76
    }
  },
  {
    "model": "game.gameoptionchoice",
    "pk": 94,
    "fields": {
      "name": "Doppelsymbolkarten",
      "option": 77
    }
  },
  {
    "model": "game.gameoptionchoice",
    "pk": 95,
    "fields": {
      "name": "Einzelsymbolkarten",
      "option": 77
    }
  },
  {
    "model": "game.gameoptionchoice",
    "pk": 96,
    "fields": {
      "name": "Erste Partie",
      "option": 84
    }
  },
  {
    "model": "game.gameoptionchoice",
    "pk": 97,
    "fields": {
      "name": "Normales Spiel",
      "option": 84
    }
  },
  {
    "model": "game.gameoptionchoice",
    "pk": 98,
    "fields": {
      "name": "Normales Spiel mit Draft",
      "option": 84
    }
  },
  {
    "model": "game.gameoptionchoice",
    "pk": 99,
    "fields": {
      "name": "Nationwide Epidemic + Resistant Superbug",
      "option": 85
    }
  },
  {
    "model": "game.gameoptionchoice",
    "pk": 100,
    "fields": {
      "name": "Disabled",
      "option": 85
    }
  },
  {
    "model": "game.gameoptionchoice",
    "pk": 101,
    "fields": {
      "name": "Nationwide Epidemic",
      "option": 85
    }
  },
  {
    "model": "game.gameoptionchoice",
    "pk": 102,
    "fields": {
      "name": "Opening crisis",
      "option": 85
    }
  },
  {
    "model": "game.gameoptionchoice",
    "pk": 103,
    "fields": {
      "name": "Opening crisis + Nationwide Epidemic",
      "option": 85
    }
  },
  {
    "model": "game.gameoptionchoice",
    "pk": 104,
    "fields": {
      "name": "Opening crisis + Nationwide Epidemic + Resistant Superbug",
      "option": 85
    }
  },
  {
    "model": "game.gameoptionchoice",
    "pk": 105,
    "fields": {
      "name": "Opening crisis + Resistant Superbug",
      "option": 85
    }
  },
  {
    "model": "game.gameoptionchoice",
    "pk": 106,
    "fields": {
      "name": "Resistant Superbug",
      "option": 85
    }
  },
  {
    "model": "game.gameoptionchoice",
    "pk": 107,
    "fields": {
      "name": "Dice Hospital",
      "option": 86
    }
  },
  {
    "model": "game.gameoptionchoice",
    "pk": 108,
    "fields": {
      "name": "Dice Hospital + Experimental Medicine Mini-expansion",
      "option": 86
    }
  },
  {
    "model": "game.gameoptionchoice",
    "pk": 109,
    "fields": {
      "name": "2 Zeusplättchen weniger (1 Statue, 1 Kultstätte)",
      "option": 88
    }
  },
  {
    "model": "game.gameoptionchoice",
    "pk": 110,
    "fields": {
      "name": "3 Zeusplättchen weniger (1 Statue, 1 Kultstätte, 1 Monster)",
      "option": 88
    }
  },
  {
    "model": "game.gameoptionchoice",
    "pk": 111,
    "fields": {
      "name": "Am kürzesten: 4 Zeusplättchen weniger (1 Statue, 1 Kultstätte, 1 Monster, 1 Opfergabe)",
      "option": 88
    }
  },
  {
    "model": "game.gameoptionchoice",
    "pk": 112,
    "fields": {
      "name": "Kürzer: 1 Zeusplättchen weniger (Statue)",
      "option": 88
    }
  },
  {
    "model": "game.gameoptionchoice",
    "pk": 113,
    "fields": {
      "name": "Normal (12 Zeusplättchen)",
      "option": 88
    }
  },
  {
    "model": "game.gameoptionchoice",
    "pk": 114,
    "fields": {
      "name": "Auslosen",
      "option": 89
    }
  },
  {
    "model": "game.gameoptionchoice",
    "pk": 115,
    "fields": {
      "name": "Auswählen",
      "option": 89
    }
  },
  {
    "model": "game.gameoptionchoice",
    "pk": 116,
    "fields": {
      "name": "Für Anfänger (wenig Variation und Untiefen)",
      "option": 90
    }
  },
  {
    "model": "game.gameoptionchoice",
    "pk": 117,
    "fields": {
      "name": "Für Fortgeschrittene (mehr Variation und Untiefen)",
      "option": 90
    }
  },
  {
    "model": "game.gameoptionchoice",
    "pk": 118,
    "fields": {
      "name": "Expertenspiel",
      "option": 92
    }
  },
  {
    "model": "game.gameoptionchoice",
    "pk": 119,
    "fields": {
      "name": "Handbuch",
      "option": 92
    }
  },
  {
    "model": "game.gameoptionchoice",
    "pk": 120,
    "fields": {
      "name": "Alle Karten",
      "option": 102
    }
  },
  {
    "model": "game.gameoptionchoice",
    "pk": 121,
    "fields": {
      "name": "Basis-Set",
      "option": 102
    }
  },
  {
    "model": "game.gameoptionchoice",
    "pk": 122,
    "fields": {
      "name": "Benutzerdefiniert",
      "option": 102
    }
  },
  {
    "model": "game.gameoptionchoice",
    "pk": 123,
    "fields": {
      "name": "Behalte 7 der 10 ausgeteilten Karten",
      "option": 104
    }
  },
  {
    "model": "game.gameoptionchoice",
    "pk": 124,
    "fields": {
      "name": "Deaktiviert",
      "option": 104
    }
  },
  {
    "model": "game.gameoptionchoice",
    "pk": 125,
    "fields": {
      "name": "Drafte 7 aus 8 Karten, Ausbildungen mit Kleinen Anschaffungen",
      "option": 104
    }
  },
  {
    "model": "game.gameoptionchoice",
    "pk": 126,
    "fields": {
      "name": "Drafte 7 aus 8 Karten, Ausbildungen, dann Kleine Anschaffungen",
      "option": 104
    }
  },
  {
    "model": "game.gameoptionchoice",
    "pk": 127,
    "fields": {
      "name": "Drafte 7 aus 8 Karten, Kleine Anschaffungen, dann Ausbildungen",
      "option": 104
    }
  },
  {
    "model": "game.gameoptionchoice",
    "pk": 128,
    "fields": {
      "name": "Drafte 7 aus 9 Karten, Ausbildungen mit Kleinen Anschaffungen",
      "option": 104
    }
  },
  {
    "model": "game.gameoptionchoice",
    "pk": 129,
    "fields": {
      "name": "Drafte 7 aus 9 Karten, Ausbildungen, dann Kleine Anschaffungen",
      "option": 104
    }
  },
  {
    "model": "game.gameoptionchoice",
    "pk": 130,
    "fields": {
      "name": "Drafte 7 aus 9 Karten, Kleine Anschaffungen, dann Ausbildungen",
      "option": 104
    }
  },
  {
    "model": "game.gameoptionchoice",
    "pk": 131,
    "fields": {
      "name": "Drafte 7 aus 10 Karten, Ausbildungen mit Kleinen Anschaffungen",
      "option": 104
    }
  },
  {
    "model": "game.gameoptionchoice",
    "pk": 132,
    "fields": {
      "name": "Drafte 7 aus 10 Karten, Ausbildungen, dann Kleine Anschaffungen",
      "option": 104
    }
  },
  {
    "model": "game.gameoptionchoice",
    "pk": 133,
    "fields": {
      "name": "Drafte 7 aus 10 Karten, Kleine Anschaffungen, dann Ausbildungen",
      "option": 104
    }
  },
  {
    "model": "game.gameoptionchoice",
    "pk": 134,
    "fields": {
      "name": "Drafte 7 Karten, Ausbildungen mit Kleinen Anschaffungen",
      "option": 104
    }
  },
  {
    "model": "game.gameoptionchoice",
    "pk": 135,
    "fields": {
      "name": "Drafte 7 Karten, Ausbildungen, dann Kleine Anschaffungen",
      "option": 104
    }
  },
  {
    "model": "game.gameoptionchoice",
    "pk": 136,
    "fields": {
      "name": "Drafte 7 Karten, erst kleine Anschaffungen, dann Ausbildungen",
      "option": 104
    }
  },
  {
    "model": "game.gameoptionchoice",
    "pk": 137,
    "fields": {
      "name": "Anfänger",
      "option": 106
    }
  },
  {
    "model": "game.gameoptionchoice",
    "pk": 138,
    "fields": {
      "name": "Kompetitiv",
      "option": 106
    }
  },
  {
    "model": "game.gameoptionchoice",
    "pk": 139,
    "fields": {
      "name": "Normal",
      "option": 106
    }
  },
  {
    "model": "game.gameoptionchoice",
    "pk": 140,
    "fields": {
      "name": "Eiswagen",
      "option": 107
    }
  },
  {
    "model": "game.gameoptionchoice",
    "pk": 141,
    "fields": {
      "name": "Normale Variante",
      "option": 107
    }
  },
  {
    "model": "game.gameoptionchoice",
    "pk": 142,
    "fields": {
      "name": "Ostereier",
      "option": 107
    }
  },
  {
    "model": "game.gameoptionchoice",
    "pk": 143,
    "fields": {
      "name": "Weihnachtsbeleuchtung",
      "option": 107
    }
  },
  {
    "model": "game.gameoptionchoice",
    "pk": 144,
    "fields": {
      "name": "Der Schlangentempel (Fortgeschrittene)",
      "option": 110
    }
  },
  {
    "model": "game.gameoptionchoice",
    "pk": 145,
    "fields": {
      "name": "Der Vogeltempel (Standard)",
      "option": 110
    }
  },
  {
    "model": "game.selectedgame",
    "pk": 1,
    "fields": {
      "player": 1,
      "game": 1,
      "league": 1
    }
  },
  {
    "model": "game.selectedoption",
    "pk": 1,
    "fields": {
      "selected_game": 1,
      "game_option": 1,
      "choice": 2,
      "value": null
    }
  },
  {
    "model": "game.selectedoption",
    "pk": 2,
    "fields": {
      "selected_game": 1,
      "game_option": 2,
      "choice": null,
      "value": false
    }
  },
  {
    "model": "game.startingpointsystem",
    "pk": 1,
    "fields": {
      "code": "FIX",
      "description": "Gleiche Startpunkte für alle"
    }
  },
  {
    "model": "game.startingpointsystem",
    "pk": 2,
    "fields": {
      "code": "DYNAMIC",
      "description": "Manuelle Eingabe der Startpunkte"
    }
  },
  {
    "model": "game.resultconfig",
    "pk": 1,
    "fields": {
      "game": 1,
      "is_asymmetric": true,
      "has_starting_player_order": true,
      "starting_points_system": 1,
      "has_points": true
    }
  },
  {
    "model": "game.resultconfig",
    "pk": 5,
    "fields": {
      "game": 5,
      "is_asymmetric": true,
      "has_starting_player_order": true,
      "starting_points_system": 2,
      "has_points": true
    }
  },
  {
    "model": "game.resultconfig",
    "pk": 6,
    "fields": {
      "game": 6,
      "is_asymmetric": true,
      "has_starting_player_order": true,
      "starting_points_system": 2,
      "has_points": true
    }
  },
  {
    "model": "game.resultconfig",
    "pk": 7,
    "fields": {
      "game": 7,
      "is_asymmetric": true,
      "has_starting_player_order": true,
      "starting_points_system": 1,
      "has_points": true
    }
  },
  {
    "model": "game.resultconfig",
    "pk": 8,
    "fields": {
      "game": 8,
      "is_asymmetric": true,
      "has_starting_player_order": true,
      "starting_points_system": 1,
      "has_points": true
    }
  },
  {
    "model": "game.resultconfig",
    "pk": 23,
    "fields": {
      "game": 26,
      "is_asymmetric": true,
      "has_starting_player_order": true,
      "starting_points_system": 2,
      "has_points": true
    }
  },
  {
    "model": "game.resultconfig",
    "pk": 24,
    "fields": {
      "game": 27,
      "is_asymmetric": false,
      "has_starting_player_order": true,
      "starting_points_system": 1,
      "has_points": true
    }
  },
  {
    "model": "game.resultconfig",
    "pk": 25,
    "fields": {
      "game": 28,
      "is_asymmetric": false,
      "has_starting_player_order": true,
      "starting_points_system": 1,
      "has_points": true
    }
  },
  {
    "model": "game.resultconfig",
    "pk": 26,
    "fields": {
      "game": 29,
      "is_asymmetric": true,
      "has_starting_player_order": true,
      "starting_points_system": 1,
      "has_points": true
    }
  },
  {
    "model": "game.resultconfig",
    "pk": 27,
    "fields": {
      "game": 30,
      "is_asymmetric": true,
      "has_starting_player_order": true,
      "starting_points_system": 1,
      "has_points": true
    }
  },
  {
    "model": "game.resultconfig",
    "pk": 28,
    "fields": {
      "game": 31,
      "is_asymmetric": true,
      "has_starting_player_order": true,
      "starting_points_system": 1,
      "has_points": true
    }
  },
  {
    "model": "game.resultconfig",
    "pk": 29,
    "fields": {
      "game": 32,
      "is_asymmetric": true,
      "has_starting_player_order": true,
      "starting_points_system": 1,
      "has_points": false
    }
  },
  {
    "model": "game.resultconfig",
    "pk": 30,
    "fields": {
      "game": 33,
      "is_asymmetric": false,
      "has_starting_player_order": true,
      "starting_points_system": 1,
      "has_points": true
    }
  },
  {
    "model": "game.resultconfig",
    "pk": 31,
    "fields": {
      "game": 34,
      "is_asymmetric": false,
      "has_starting_player_order": true,
      "starting_points_system": 1,
      "has_points": false
    }
  },
  {
    "model": "game.resultconfig",
    "pk": 32,
    "fields": {
      "game": 35,
      "is_asymmetric": false,
      "has_starting_player_order": true,
      "starting_points_system": 1,
      "has_points": true
    }
  },
  {
    "model": "game.resultconfig",
    "pk": 33,
    "fields": {
      "game": 36,
      "is_asymmetric": false,
      "has_starting_player_order": false,
      "starting_points_system": 1,
      "has_points": true
    }
  },
  {
    "model": "game.resultconfig",
    "pk": 34,
    "fields": {
      "game": 37,
      "is_asymmetric": false,
      "has_starting_player_order": true,
      "starting_points_system": 1,
      "has_points": true
    }
  },
  {
    "model": "game.resultconfig",
    "pk": 35,
    "fields": {
      "game": 38,
      "is_asymmetric": false,
      "has_starting_player_order": true,
      "starting_points_system": 1,
      "has_points": true
    }
  },
  {
    "model": "game.tiebreaker",
    "pk": 1,
    "fields": {
      "result_config": 1,
      "name": "Geld",
      "order": 0
    }
  },
  {
    "model": "game.tiebreaker",
    "pk": 2,
    "fields": {
      "result_config": 1,
      "name": "kartenziehen",
      "order": 10
    }
  },
  {
    "model": "game.tiebreaker",
    "pk": 3,
    "fields": {
      "result_config": 8,
      "name": "Gebäude",
      "order": 0
    }
  },
  {
    "model": "game.tiebreaker",
    "pk": 4,
    "fields": {
      "result_config": 8,
      "name": "Credits",
      "order": 10
    }
  },
  {
    "model": "game.tiebreaker",
    "pk": 5,
    "fields": {
      "result_config": 24,
      "name": "Gold",
      "order": 10
    }
  },
  {
    "model": "game.tiebreaker",
    "pk": 6,
    "fields": {
      "result_config": 24,
      "name": "wenigste Pets",
      "order": 0
    }
  },
  {
    "model": "game.tiebreaker",
    "pk": 7,
    "fields": {
      "result_config": 25,
      "name": "Weine",
      "order": 10
    }
  },
  {
    "model": "game.tiebreaker",
    "pk": 8,
    "fields": {
      "result_config": 25,
      "name": "Trauben",
      "order": 20
    }
  },
  {
    "model": "game.tiebreaker",
    "pk": 9,
    "fields": {
      "result_config": 25,
      "name": "Lira",
      "order": 0
    }
  },
  {
    "model": "game.tiebreaker",
    "pk": 10,
    "fields": {
      "result_config": 26,
      "name": "Aufträge",
      "order": 0
    }
  },
  {
    "model": "game.tiebreaker",
    "pk": 11,
    "fields": {
      "result_config": 26,
      "name": "Ressourcen",
      "order": 10
    }
  },
  {
    "model": "game.tiebreaker",
    "pk": 12,
    "fields": {
      "result_config": 29,
      "name": "Gunstplättchen",
      "order": 10
    }
  },
  {
    "model": "game.tiebreaker",
    "pk": 13,
    "fields": {
      "result_config": 29,
      "name": "Orakelplättchen",
      "order": 5
    }
  },
  {
    "model": "game.tiebreaker",
    "pk": 14,
    "fields": {
      "result_config": 29,
      "name": "Zurückgekehrt zu Zeus nach Runden",
      "order": 0
    }
  },
  {
    "model": "game.tiebreaker",
    "pk": 15,
    "fields": {
      "result_config": 33,
      "name": "Siedlungen Größe 2",
      "order": 20
    }
  },
  {
    "model": "game.tiebreaker",
    "pk": 16,
    "fields": {
      "result_config": 33,
      "name": "Siedlungen  Größe 6",
      "order": 60
    }
  },
  {
    "model": "game.tiebreaker",
    "pk": 17,
    "fields": {
      "result_config": 33,
      "name": "Siedlungen  Größe 1",
      "order": 10
    }
  },
  {
    "model": "game.tiebreaker",
    "pk": 18,
    "fields": {
      "result_config": 33,
      "name": "Siedlungen  Größe 5",
      "order": 50
    }
  },
  {
    "model": "game.tiebreaker",
    "pk": 19,
    "fields": {
      "result_config": 33,
      "name": "Siedlungen  Größe 4",
      "order": 40
    }
  },
  {
    "model": "game.tiebreaker",
    "pk": 20,
    "fields": {
      "result_config": 33,
      "name": "Siedlungen",
      "order": 0
    }
  },
  {
    "model": "game.tiebreaker",
    "pk": 21,
    "fields": {
      "result_config": 33,
      "name": "Siedlungen Größe 3",
      "order": 30
    }
  },
  {
    "model": "game.tiebreaker",
    "pk": 22,
    "fields": {
      "result_config": 34,
      "name": "bezwungene Monster",
      "order": 10
    }
  },
  {
    "model": "game.tiebreaker",
    "pk": 23,
    "fields": {
      "result_config": 34,
      "name": "Nuggets",
      "order": 0
    }
  },
  {
    "model": "game.tiebreaker",
    "pk": 24,
    "fields": {
      "result_config": 35,
      "name": "früher am verschollenen Tempel",
      "order": 0
    }
  },
  {
    "model": "game.tiebreaker",
    "pk": 25,
    "fields": {
      "result_config": 35,
      "name": "Punkte für Forhscungsmarker",
      "order": 10
    }
  },
  {
    "model": "game.faction",
    "pk": 1,
    "fields": {
      "game": 1,
      "name": "Zooplan 2 (Freilaufflächen)"
    }
  },
  {
    "model": "game.faction",
    "pk": 2,
    "fields": {
      "game": 1,
      "name": "Zooplan 3 (Silbersee)"
    }
  },
  {
    "model": "game.faction",
    "pk": 3,
    "fields": {
      "game": 1,
      "name": "Zooplan 5 (Parkrestaurant)"
    }
  },
  {
    "model": "game.faction",
    "pk": 4,
    "fields": {
      "game": 1,
      "name": "Zooplan 4 (Handelshafen)"
    }
  },
  {
    "model": "game.faction",
    "pk": 5,
    "fields": {
      "game": 1,
      "name": "Zooplan 7 (Eisdielen)"
    }
  },
  {
    "model": "game.faction",
    "pk": 6,
    "fields": {
      "game": 1,
      "name": "Zooplan 1 (Aussichtsplattform)"
    }
  },
  {
    "model": "game.faction",
    "pk": 7,
    "fields": {
      "game": 1,
      "name": "Zooplan 8 (Hollywood Hills)"
    }
  },
  {
    "model": "game.faction",
    "pk": 8,
    "fields": {
      "game": 1,
      "name": "Zooplan 10 (Auffangstation)"
    }
  },
  {
    "model": "game.faction",
    "pk": 9,
    "fields": {
      "game": 1,
      "name": "Zooplan 6 (Forschungsinstitut)"
    }
  },
  {
    "model": "game.faction",
    "pk": 10,
    "fields": {
      "game": 1,
      "name": "Zooplan 9 (Geozoo)"
    }
  },
  {
    "model": "game.faction",
    "pk": 11,
    "fields": {
      "game": 5,
      "name": "Chaos Magiere"
    }
  },
  {
    "model": "game.faction",
    "pk": 12,
    "fields": {
      "game": 5,
      "name": "Alchemisten"
    }
  },
  {
    "model": "game.faction",
    "pk": 13,
    "fields": {
      "game": 5,
      "name": "Düsterlinge"
    }
  },
  {
    "model": "game.faction",
    "pk": 14,
    "fields": {
      "game": 5,
      "name": "Fakire"
    }
  },
  {
    "model": "game.faction",
    "pk": 15,
    "fields": {
      "game": 5,
      "name": "Hexen"
    }
  },
  {
    "model": "game.faction",
    "pk": 16,
    "fields": {
      "game": 5,
      "name": "Ingenieure"
    }
  },
  {
    "model": "game.faction",
    "pk": 17,
    "fields": {
      "game": 5,
      "name": "Kultisten"
    }
  },
  {
    "model": "game.faction",
    "pk": 18,
    "fields": {
      "game": 5,
      "name": "Auren"
    }
  },
  {
    "model": "game.faction",
    "pk": 19,
    "fields": {
      "game": 5,
      "name": "Halblinge"
    }
  },
  {
    "model": "game.faction",
    "pk": 20,
    "fields": {
      "game": 5,
      "name": "Nixen"
    }
  },
  {
    "model": "game.faction",
    "pk": 21,
    "fields": {
      "game": 5,
      "name": "Nomaden"
    }
  },
  {
    "model": "game.faction",
    "pk": 22,
    "fields": {
      "game": 5,
      "name": "Riesen"
    }
  },
  {
    "model": "game.faction",
    "pk": 23,
    "fields": {
      "game": 5,
      "name": "Schwarmlinge"
    }
  },
  {
    "model": "game.faction",
    "pk": 24,
    "fields": {
      "game": 5,
      "name": "Zwerge"
    }
  },
  {
    "model": "game.faction",
    "pk": 25,
    "fields": {
      "game": 6,
      "name": "Bal T'aks"
    }
  },
  {
    "model": "game.faction",
    "pk": 26,
    "fields": {
      "game": 6,
      "name": "Itars"
    }
  },
  {
    "model": "game.faction",
    "pk": 27,
    "fields": {
      "game": 6,
      "name": "Gleens"
    }
  },
  {
    "model": "game.faction",
    "pk": 28,
    "fields": {
      "game": 6,
      "name": "Mad Androids"
    }
  },
  {
    "model": "game.faction",
    "pk": 29,
    "fields": {
      "game": 6,
      "name": "Hadsch Hallas"
    }
  },
  {
    "model": "game.faction",
    "pk": 30,
    "fields": {
      "game": 6,
      "name": "Lantida"
    }
  },
  {
    "model": "game.faction",
    "pk": 31,
    "fields": {
      "game": 6,
      "name": "Nevlas"
    }
  },
  {
    "model": "game.faction",
    "pk": 32,
    "fields": {
      "game": 6,
      "name": "Taklons"
    }
  },
  {
    "model": "game.faction",
    "pk": 33,
    "fields": {
      "game": 6,
      "name": "Terraner"
    }
  },
  {
    "model": "game.faction",
    "pk": 34,
    "fields": {
      "game": 6,
      "name": "Xenos"
    }
  },
  {
    "model": "game.faction",
    "pk": 35,
    "fields": {
      "game": 6,
      "name": "Firaks"
    }
  },
  {
    "model": "game.faction",
    "pk": 36,
    "fields": {
      "game": 6,
      "name": "Der Schwarm"
    }
  },
  {
    "model": "game.faction",
    "pk": 37,
    "fields": {
      "game": 6,
      "name": "Geoden"
    }
  },
  {
    "model": "game.faction",
    "pk": 38,
    "fields": {
      "game": 6,
      "name": "Ambas"
    }
  },
  {
    "model": "game.faction",
    "pk": 39,
    "fields": {
      "game": 7,
      "name": "Ecoline"
    }
  },
  {
    "model": "game.faction",
    "pk": 40,
    "fields": {
      "game": 7,
      "name": "Credicor"
    }
  },
  {
    "model": "game.faction",
    "pk": 41,
    "fields": {
      "game": 7,
      "name": "Republik Tharsis"
    }
  },
  {
    "model": "game.faction",
    "pk": 42,
    "fields": {
      "game": 7,
      "name": "Filmgesellschaft"
    }
  },
  {
    "model": "game.faction",
    "pk": 43,
    "fields": {
      "game": 7,
      "name": "Helion"
    }
  },
  {
    "model": "game.faction",
    "pk": 44,
    "fields": {
      "game": 7,
      "name": "Mining Guild"
    }
  },
  {
    "model": "game.faction",
    "pk": 45,
    "fields": {
      "game": 7,
      "name": "Inventrix"
    }
  },
  {
    "model": "game.faction",
    "pk": 46,
    "fields": {
      "game": 7,
      "name": "Phobolog"
    }
  },
  {
    "model": "game.faction",
    "pk": 47,
    "fields": {
      "game": 7,
      "name": "Saturn Systems"
    }
  },
  {
    "model": "game.faction",
    "pk": 48,
    "fields": {
      "game": 7,
      "name": "Teractor"
    }
  },
  {
    "model": "game.faction",
    "pk": 49,
    "fields": {
      "game": 7,
      "name": "Thorgate"
    }
  },
  {
    "model": "game.faction",
    "pk": 50,
    "fields": {
      "game": 7,
      "name": "UNMI"
    }
  },
  {
    "model": "game.faction",
    "pk": 51,
    "fields": {
      "game": 8,
      "name": "Spielplan 3"
    }
  },
  {
    "model": "game.faction",
    "pk": 52,
    "fields": {
      "game": 8,
      "name": "Spielplan 2"
    }
  },
  {
    "model": "game.faction",
    "pk": 53,
    "fields": {
      "game": 8,
      "name": "Spielplan 5"
    }
  },
  {
    "model": "game.faction",
    "pk": 54,
    "fields": {
      "game": 8,
      "name": "Spielplan 4"
    }
  },
  {
    "model": "game.faction",
    "pk": 55,
    "fields": {
      "game": 8,
      "name": "Spielplan 1"
    }
  },
  {
    "model": "game.faction",
    "pk": 56,
    "fields": {
      "game": 8,
      "name": "Spielplan 6"
    }
  },
  {
    "model": "game.faction",
    "pk": 57,
    "fields": {
      "game": 8,
      "name": "Spielplan 8"
    }
  },
  {
    "model": "game.faction",
    "pk": 58,
    "fields": {
      "game": 8,
      "name": "Spielplan 7"
    }
  },
  {
    "model": "game.faction",
    "pk": 59,
    "fields": {
      "game": 26,
      "name": "Feline"
    }
  },
  {
    "model": "game.faction",
    "pk": 60,
    "fields": {
      "game": 26,
      "name": "Erfinderinnen"
    }
  },
  {
    "model": "game.faction",
    "pk": 61,
    "fields": {
      "game": 26,
      "name": "Ifrit"
    }
  },
  {
    "model": "game.faction",
    "pk": 62,
    "fields": {
      "game": 26,
      "name": "Golems"
    }
  },
  {
    "model": "game.faction",
    "pk": 63,
    "fields": {
      "game": 26,
      "name": "Wüstentöchter"
    }
  },
  {
    "model": "game.faction",
    "pk": 64,
    "fields": {
      "game": 26,
      "name": "Kobolde"
    }
  },
  {
    "model": "game.faction",
    "pk": 65,
    "fields": {
      "game": 26,
      "name": "Seebären"
    }
  },
  {
    "model": "game.faction",
    "pk": 66,
    "fields": {
      "game": 26,
      "name": "Druiden"
    }
  },
  {
    "model": "game.faction",
    "pk": 67,
    "fields": {
      "game": 26,
      "name": "Flaschengeister"
    }
  },
  {
    "model": "game.faction",
    "pk": 68,
    "fields": {
      "game": 26,
      "name": "Feen"
    }
  },
  {
    "model": "game.faction",
    "pk": 69,
    "fields": {
      "game": 29,
      "name": "Gantulga Od"
    }
  },
  {
    "model": "game.faction",
    "pk": 70,
    "fields": {
      "game": 29,
      "name": "Filippo Vitello"
    }
  },
  {
    "model": "game.faction",
    "pk": 71,
    "fields": {
      "game": 29,
      "name": "Isabella Donati"
    }
  },
  {
    "model": "game.faction",
    "pk": 72,
    "fields": {
      "game": 29,
      "name": "De Wu"
    }
  },
  {
    "model": "game.faction",
    "pk": 73,
    "fields": {
      "game": 29,
      "name": "Mailin und Tian Chin"
    }
  },
  {
    "model": "game.faction",
    "pk": 74,
    "fields": {
      "game": 29,
      "name": "Vidal Badoer"
    }
  },
  {
    "model": "game.faction",
    "pk": 75,
    "fields": {
      "game": 29,
      "name": "Tebaldo Visconti da Piacenza"
    }
  },
  {
    "model": "game.faction",
    "pk": 76,
    "fields": {
      "game": 29,
      "name": "Pietro Tartarino"
    }
  },
  {
    "model": "game.faction",
    "pk": 77,
    "fields": {
      "game": 29,
      "name": "Möngke Khan"
    }
  },
  {
    "model": "game.faction",
    "pk": 78,
    "fields": {
      "game": 29,
      "name": "Abha Basu"
    }
  },
  {
    "model": "game.faction",
    "pk": 79,
    "fields": {
      "game": 29,
      "name": "Donata Badoer"
    }
  },
  {
    "model": "game.faction",
    "pk": 80,
    "fields": {
      "game": 30,
      "name": "Kleriker"
    }
  },
  {
    "model": "game.faction",
    "pk": 81,
    "fields": {
      "game": 30,
      "name": "Druide"
    }
  },
  {
    "model": "game.faction",
    "pk": 82,
    "fields": {
      "game": 30,
      "name": "Illusionist"
    }
  },
  {
    "model": "game.faction",
    "pk": 83,
    "fields": {
      "game": 30,
      "name": "Nekromant"
    }
  },
  {
    "model": "game.faction",
    "pk": 84,
    "fields": {
      "game": 30,
      "name": "Thaumaturg"
    }
  },
  {
    "model": "game.faction",
    "pk": 85,
    "fields": {
      "game": 30,
      "name": "Runenmeister"
    }
  },
  {
    "model": "game.faction",
    "pk": 86,
    "fields": {
      "game": 30,
      "name": "Verzauberer"
    }
  },
  {
    "model": "game.faction",
    "pk": 87,
    "fields": {
      "game": 30,
      "name": "Geisterbeschwörer"
    }
  },
  {
    "model": "game.faction",
    "pk": 88,
    "fields": {
      "game": 30,
      "name": "Alchemist"
    }
  },
  {
    "model": "game.faction",
    "pk": 89,
    "fields": {
      "game": 30,
      "name": "Hexenmeister"
    }
  },
  {
    "model": "game.faction",
    "pk": 90,
    "fields": {
      "game": 31,
      "name": "Alexander Fleming"
    }
  },
  {
    "model": "game.faction",
    "pk": 91,
    "fields": {
      "game": 31,
      "name": "Gertrude Elion"
    }
  },
  {
    "model": "game.faction",
    "pk": 92,
    "fields": {
      "game": 31,
      "name": "Elisabeth Garrett Anderson"
    }
  },
  {
    "model": "game.faction",
    "pk": 93,
    "fields": {
      "game": 31,
      "name": "Norman Shumway"
    }
  },
  {
    "model": "game.faction",
    "pk": 94,
    "fields": {
      "game": 31,
      "name": "Mary Eliza Mahoney"
    }
  },
  {
    "model": "game.faction",
    "pk": 95,
    "fields": {
      "game": 31,
      "name": "Robert G. Edwards"
    }
  },
  {
    "model": "game.faction",
    "pk": 96,
    "fields": {
      "game": 31,
      "name": "Rita Levi-Montalcini"
    }
  },
  {
    "model": "game.faction",
    "pk": 97,
    "fields": {
      "game": 31,
      "name": "Louis Pasteur"
    }
  },
  {
    "model": "game.faction",
    "pk": 98,
    "fields": {
      "game": 32,
      "name": "Schiffsplättchen 2"
    }
  },
  {
    "model": "game.faction",
    "pk": 99,
    "fields": {
      "game": 32,
      "name": "Schiffsplättchen 4"
    }
  },
  {
    "model": "game.faction",
    "pk": 100,
    "fields": {
      "game": 32,
      "name": "Schiffsplättchen 7"
    }
  },
  {
    "model": "game.faction",
    "pk": 101,
    "fields": {
      "game": 32,
      "name": "Schiffsplättchen 3"
    }
  },
  {
    "model": "game.faction",
    "pk": 102,
    "fields": {
      "game": 32,
      "name": "Schiffsplättchen 5"
    }
  },
  {
    "model": "game.faction",
    "pk": 103,
    "fields": {
      "game": 32,
      "name": "Schiffsplättchen 6"
    }
  },
  {
    "model": "game.faction",
    "pk": 104,
    "fields": {
      "game": 32,
      "name": "Schiffsplättchen 1"
    }
  },
  {
    "model": "game.faction",
    "pk": 105,
    "fields": {
      "game": 32,
      "name": "Schiffsplättchen 8"
    }
  }
]
